dataset,video_key
SumMe,video_1
SumMe,video_10
SumMe,video_11
SumMe,video_12
SumMe,video_13
SumMe,video_14
SumMe,video_15
SumMe,video_16
SumMe,video_17
SumMe,video_18
SumMe,video_19
SumMe,video_2
SumMe,video_20
SumMe,video_21
SumMe,video_22
SumMe,video_23
SumMe,video_24
SumMe,video_25
SumMe,video_3
SumMe,video_4
SumMe,video_5
SumMe,video_6
SumMe,video_7
SumMe,video_8
SumMe,video_9
TVSum,video_1
TVSum,video_10
TVSum,video_11
TVSum,video_12
TVSum,video_13
TVSum,video_14
TVSum,video_15
TVSum,video_16
TVSum,video_17
TVSum,video_18
TVSum,video_19
TVSum,video_2
TVSum,video_20
TVSum,video_21
TVSum,video_22
TVSum,video_23
TVSum,video_24
TVSum,video_25
TVSum,video_26
TVSum,video_27
TVSum,video_28
TVSum,video_29
TVSum,video_3
TVSum,video_30
TVSum,video_31
TVSum,video_32
TVSum,video_33
TVSum,video_34
TVSum,video_35
TVSum,video_36
TVSum,video_37
TVSum,video_38
TVSum,video_39
TVSum,video_4
TVSum,video_40
TVSum,video_41
TVSum,video_42
TVSum,video_43
TVSum,video_44
TVSum,video_45
TVSum,video_46
TVSum,video_47
TVSum,video_48
TVSum,video_49
TVSum,video_5
TVSum,video_50
TVSum,video_6
TVSum,video_7
TVSum,video_8
TVSum,video_9
