dataset,video_key,setting,fscore
TVSum,video_1,fixed_alpha_0.0,0.6780899001486976
TVSum,video_1,fixed_alpha_0.1,0.6538201978097768
TVSum,video_1,fixed_alpha_0.2,0.6831888599706936
TVSum,video_1,fixed_alpha_0.3,0.6831888599706936
TVSum,video_1,fixed_alpha_0.4,0.6831888599706936
TVSum,video_1,fixed_alpha_0.5,0.6831888599706936
TVSum,video_1,fixed_alpha_0.6,0.6831888599706936
TVSum,video_1,fixed_alpha_0.7,0.6831888599706936
TVSum,video_1,fixed_alpha_0.8,0.6671252221739493
TVSum,video_1,fixed_alpha_0.9,0.6671252221739493
TVSum,video_1,fixed_alpha_1.0,0.6671252221739493
TVSum,video_1,adaptive_strength_0.0,0.6671252221739493
TVSum,video_1,adaptive_strength_0.1,0.6671252221739493
TVSum,video_1,adaptive_strength_0.2,0.6671252221739493
TVSum,video_1,adaptive_strength_0.3,0.6671252221739493
TVSum,video_1,adaptive_strength_0.4,0.6671252221739493
TVSum,video_1,adaptive_strength_0.5,0.6671252221739493
TVSum,video_1,adaptive_strength_0.6,0.6671252221739493
TVSum,video_1,adaptive_strength_0.7,0.6671252221739493
TVSum,video_1,adaptive_strength_0.8,0.6831888599706936
TVSum,video_1,adaptive_strength_0.9,0.6831888599706936
TVSum,video_1,adaptive_strength_1.0,0.6831888599706936
TVSum,video_2,fixed_alpha_0.0,0.4445504429305046
TVSum,video_2,fixed_alpha_0.1,0.4923143063574287
TVSum,video_2,fixed_alpha_0.2,0.4923143063574287
TVSum,video_2,fixed_alpha_0.3,0.6476098081261394
TVSum,video_2,fixed_alpha_0.4,0.5962547351161777
TVSum,video_2,fixed_alpha_0.5,0.5962547351161777
TVSum,video_2,fixed_alpha_0.6,0.5962547351161777
TVSum,video_2,fixed_alpha_0.7,0.5962547351161777
TVSum,video_2,fixed_alpha_0.8,0.5962547351161777
TVSum,video_2,fixed_alpha_0.9,0.5962547351161777
TVSum,video_2,fixed_alpha_1.0,0.5962547351161777
TVSum,video_2,adaptive_strength_0.0,0.5962547351161777
TVSum,video_2,adaptive_strength_0.1,0.5962547351161777
TVSum,video_2,adaptive_strength_0.2,0.5962547351161777
TVSum,video_2,adaptive_strength_0.3,0.5962547351161777
TVSum,video_2,adaptive_strength_0.4,0.5962547351161777
TVSum,video_2,adaptive_strength_0.5,0.5962547351161777
TVSum,video_2,adaptive_strength_0.6,0.5962547351161777
TVSum,video_2,adaptive_strength_0.7,0.5962547351161777
TVSum,video_2,adaptive_strength_0.8,0.5962547351161777
TVSum,video_2,adaptive_strength_0.9,0.5962547351161777
TVSum,video_2,adaptive_strength_1.0,0.5962547351161777
TVSum,video_3,fixed_alpha_0.0,0.5262892066364022
TVSum,video_3,fixed_alpha_0.1,0.6351728020998927
TVSum,video_3,fixed_alpha_0.2,0.645940516125314
TVSum,video_3,fixed_alpha_0.3,0.645940516125314
TVSum,video_3,fixed_alpha_0.4,0.6740610877564034
TVSum,video_3,fixed_alpha_0.5,0.6740610877564034
TVSum,video_3,fixed_alpha_0.6,0.6870443864927906
TVSum,video_3,fixed_alpha_0.7,0.6870443864927906
TVSum,video_3,fixed_alpha_0.8,0.6767702179482901
TVSum,video_3,fixed_alpha_0.9,0.6767702179482901
TVSum,video_3,fixed_alpha_1.0,0.6767702179482901
TVSum,video_3,adaptive_strength_0.0,0.6767702179482901
TVSum,video_3,adaptive_strength_0.1,0.6767702179482901
TVSum,video_3,adaptive_strength_0.2,0.6767702179482901
TVSum,video_3,adaptive_strength_0.3,0.6767702179482901
TVSum,video_3,adaptive_strength_0.4,0.6767702179482901
TVSum,video_3,adaptive_strength_0.5,0.6767702179482901
TVSum,video_3,adaptive_strength_0.6,0.6767702179482901
TVSum,video_3,adaptive_strength_0.7,0.6870443864927906
TVSum,video_3,adaptive_strength_0.8,0.6870443864927906
TVSum,video_3,adaptive_strength_0.9,0.6870443864927906
TVSum,video_3,adaptive_strength_1.0,0.6870443864927906
TVSum,video_4,fixed_alpha_0.0,0.6116102276262785
TVSum,video_4,fixed_alpha_0.1,0.6721018446689698
TVSum,video_4,fixed_alpha_0.2,0.6446168803828465
TVSum,video_4,fixed_alpha_0.3,0.6446168803828465
TVSum,video_4,fixed_alpha_0.4,0.5801107146768728
TVSum,video_4,fixed_alpha_0.5,0.5801107146768728
TVSum,video_4,fixed_alpha_0.6,0.5801107146768728
TVSum,video_4,fixed_alpha_0.7,0.580565740986167
TVSum,video_4,fixed_alpha_0.8,0.580565740986167
TVSum,video_4,fixed_alpha_0.9,0.580565740986167
TVSum,video_4,fixed_alpha_1.0,0.580565740986167
TVSum,video_4,adaptive_strength_0.0,0.580565740986167
TVSum,video_4,adaptive_strength_0.1,0.580565740986167
TVSum,video_4,adaptive_strength_0.2,0.580565740986167
TVSum,video_4,adaptive_strength_0.3,0.580565740986167
TVSum,video_4,adaptive_strength_0.4,0.580565740986167
TVSum,video_4,adaptive_strength_0.5,0.580565740986167
TVSum,video_4,adaptive_strength_0.6,0.580565740986167
TVSum,video_4,adaptive_strength_0.7,0.580565740986167
TVSum,video_4,adaptive_strength_0.8,0.580565740986167
TVSum,video_4,adaptive_strength_0.9,0.580565740986167
TVSum,video_4,adaptive_strength_1.0,0.580565740986167
TVSum,video_5,fixed_alpha_0.0,0.6411233272827614
TVSum,video_5,fixed_alpha_0.1,0.6608200251912633
TVSum,video_5,fixed_alpha_0.2,0.6608200251912633
TVSum,video_5,fixed_alpha_0.3,0.6608200251912633
TVSum,video_5,fixed_alpha_0.4,0.6608200251912633
TVSum,video_5,fixed_alpha_0.5,0.6608200251912633
TVSum,video_5,fixed_alpha_0.6,0.6608200251912633
TVSum,video_5,fixed_alpha_0.7,0.4909245979188489
TVSum,video_5,fixed_alpha_0.8,0.4909245979188489
TVSum,video_5,fixed_alpha_0.9,0.4909245979188489
TVSum,video_5,fixed_alpha_1.0,0.4909245979188489
TVSum,video_5,adaptive_strength_0.0,0.4909245979188489
TVSum,video_5,adaptive_strength_0.1,0.4909245979188489
TVSum,video_5,adaptive_strength_0.2,0.4909245979188489
TVSum,video_5,adaptive_strength_0.3,0.4909245979188489
TVSum,video_5,adaptive_strength_0.4,0.4909245979188489
TVSum,video_5,adaptive_strength_0.5,0.4909245979188489
TVSum,video_5,adaptive_strength_0.6,0.4909245979188489
TVSum,video_5,adaptive_strength_0.7,0.4909245979188489
TVSum,video_5,adaptive_strength_0.8,0.4909245979188489
TVSum,video_5,adaptive_strength_0.9,0.4909245979188489
TVSum,video_5,adaptive_strength_1.0,0.4909245979188489
TVSum,video_6,fixed_alpha_0.0,0.5932024102187328
TVSum,video_6,fixed_alpha_0.1,0.5932024102187328
TVSum,video_6,fixed_alpha_0.2,0.5320620667628295
TVSum,video_6,fixed_alpha_0.3,0.562468669129413
TVSum,video_6,fixed_alpha_0.4,0.5665524485202504
TVSum,video_6,fixed_alpha_0.5,0.5665524485202504
TVSum,video_6,fixed_alpha_0.6,0.5665524485202504
TVSum,video_6,fixed_alpha_0.7,0.5665524485202504
TVSum,video_6,fixed_alpha_0.8,0.5665524485202504
TVSum,video_6,fixed_alpha_0.9,0.5665524485202504
TVSum,video_6,fixed_alpha_1.0,0.5665524485202504
TVSum,video_6,adaptive_strength_0.0,0.5665524485202504
TVSum,video_6,adaptive_strength_0.1,0.5665524485202504
TVSum,video_6,adaptive_strength_0.2,0.5665524485202504
TVSum,video_6,adaptive_strength_0.3,0.5665524485202504
TVSum,video_6,adaptive_strength_0.4,0.5665524485202504
TVSum,video_6,adaptive_strength_0.5,0.5665524485202504
TVSum,video_6,adaptive_strength_0.6,0.5665524485202504
TVSum,video_6,adaptive_strength_0.7,0.5665524485202504
TVSum,video_6,adaptive_strength_0.8,0.5665524485202504
TVSum,video_6,adaptive_strength_0.9,0.5665524485202504
TVSum,video_6,adaptive_strength_1.0,0.5665524485202504
TVSum,video_7,fixed_alpha_0.0,0.49331850073008654
TVSum,video_7,fixed_alpha_0.1,0.5769253547840316
TVSum,video_7,fixed_alpha_0.2,0.5881701308374743
TVSum,video_7,fixed_alpha_0.3,0.6197856376374946
TVSum,video_7,fixed_alpha_0.4,0.6197856376374946
TVSum,video_7,fixed_alpha_0.5,0.6197856376374946
TVSum,video_7,fixed_alpha_0.6,0.6197856376374946
TVSum,video_7,fixed_alpha_0.7,0.6197856376374946
TVSum,video_7,fixed_alpha_0.8,0.6197856376374946
TVSum,video_7,fixed_alpha_0.9,0.6197856376374946
TVSum,video_7,fixed_alpha_1.0,0.6197856376374946
TVSum,video_7,adaptive_strength_0.0,0.6197856376374946
TVSum,video_7,adaptive_strength_0.1,0.6197856376374946
TVSum,video_7,adaptive_strength_0.2,0.6197856376374946
TVSum,video_7,adaptive_strength_0.3,0.6197856376374946
TVSum,video_7,adaptive_strength_0.4,0.6197856376374946
TVSum,video_7,adaptive_strength_0.5,0.6197856376374946
TVSum,video_7,adaptive_strength_0.6,0.6197856376374946
TVSum,video_7,adaptive_strength_0.7,0.6197856376374946
TVSum,video_7,adaptive_strength_0.8,0.6197856376374946
TVSum,video_7,adaptive_strength_0.9,0.6197856376374946
TVSum,video_7,adaptive_strength_1.0,0.6197856376374946
TVSum,video_8,fixed_alpha_0.0,0.47426648992505827
TVSum,video_8,fixed_alpha_0.1,0.49480155332095477
TVSum,video_8,fixed_alpha_0.2,0.5114779817561218
TVSum,video_8,fixed_alpha_0.3,0.512348094768031
TVSum,video_8,fixed_alpha_0.4,0.512348094768031
TVSum,video_8,fixed_alpha_0.5,0.512348094768031
TVSum,video_8,fixed_alpha_0.6,0.512348094768031
TVSum,video_8,fixed_alpha_0.7,0.512348094768031
TVSum,video_8,fixed_alpha_0.8,0.512348094768031
TVSum,video_8,fixed_alpha_0.9,0.49295834619021067
TVSum,video_8,fixed_alpha_1.0,0.49295834619021067
TVSum,video_8,adaptive_strength_0.0,0.49295834619021067
TVSum,video_8,adaptive_strength_0.1,0.49295834619021067
TVSum,video_8,adaptive_strength_0.2,0.49295834619021067
TVSum,video_8,adaptive_strength_0.3,0.49295834619021067
TVSum,video_8,adaptive_strength_0.4,0.512348094768031
TVSum,video_8,adaptive_strength_0.5,0.512348094768031
TVSum,video_8,adaptive_strength_0.6,0.512348094768031
TVSum,video_8,adaptive_strength_0.7,0.512348094768031
TVSum,video_8,adaptive_strength_0.8,0.512348094768031
TVSum,video_8,adaptive_strength_0.9,0.512348094768031
TVSum,video_8,adaptive_strength_1.0,0.512348094768031
TVSum,video_9,fixed_alpha_0.0,0.5656278436327621
TVSum,video_9,fixed_alpha_0.1,0.6429702958948409
TVSum,video_9,fixed_alpha_0.2,0.6540215127859357
TVSum,video_9,fixed_alpha_0.3,0.6540215127859357
TVSum,video_9,fixed_alpha_0.4,0.6540215127859357
TVSum,video_9,fixed_alpha_0.5,0.6540215127859357
TVSum,video_9,fixed_alpha_0.6,0.6540215127859357
TVSum,video_9,fixed_alpha_0.7,0.6540215127859357
TVSum,video_9,fixed_alpha_0.8,0.6540215127859357
TVSum,video_9,fixed_alpha_0.9,0.6540215127859357
TVSum,video_9,fixed_alpha_1.0,0.6540215127859357
TVSum,video_9,adaptive_strength_0.0,0.6540215127859357
TVSum,video_9,adaptive_strength_0.1,0.6540215127859357
TVSum,video_9,adaptive_strength_0.2,0.6540215127859357
TVSum,video_9,adaptive_strength_0.3,0.6540215127859357
TVSum,video_9,adaptive_strength_0.4,0.6540215127859357
TVSum,video_9,adaptive_strength_0.5,0.6540215127859357
TVSum,video_9,adaptive_strength_0.6,0.6540215127859357
TVSum,video_9,adaptive_strength_0.7,0.6540215127859357
TVSum,video_9,adaptive_strength_0.8,0.6540215127859357
TVSum,video_9,adaptive_strength_0.9,0.6540215127859357
TVSum,video_9,adaptive_strength_1.0,0.6540215127859357
TVSum,video_10,fixed_alpha_0.0,0.43447120659355065
TVSum,video_10,fixed_alpha_0.1,0.48969476873986906
TVSum,video_10,fixed_alpha_0.2,0.4187224645589242
TVSum,video_10,fixed_alpha_0.3,0.4187224645589242
TVSum,video_10,fixed_alpha_0.4,0.3839188359127096
TVSum,video_10,fixed_alpha_0.5,0.3839188359127096
TVSum,video_10,fixed_alpha_0.6,0.3839188359127096
TVSum,video_10,fixed_alpha_0.7,0.3839188359127096
TVSum,video_10,fixed_alpha_0.8,0.3839188359127096
TVSum,video_10,fixed_alpha_0.9,0.36409136267928555
TVSum,video_10,fixed_alpha_1.0,0.36409136267928555
TVSum,video_10,adaptive_strength_0.0,0.36409136267928555
TVSum,video_10,adaptive_strength_0.1,0.36409136267928555
TVSum,video_10,adaptive_strength_0.2,0.36409136267928555
TVSum,video_10,adaptive_strength_0.3,0.36409136267928555
TVSum,video_10,adaptive_strength_0.4,0.36409136267928555
TVSum,video_10,adaptive_strength_0.5,0.3839188359127096
TVSum,video_10,adaptive_strength_0.6,0.3839188359127096
TVSum,video_10,adaptive_strength_0.7,0.3839188359127096
TVSum,video_10,adaptive_strength_0.8,0.3839188359127096
TVSum,video_10,adaptive_strength_0.9,0.3839188359127096
TVSum,video_10,adaptive_strength_1.0,0.3839188359127096
TVSum,video_11,fixed_alpha_0.0,0.6432176432011041
TVSum,video_11,fixed_alpha_0.1,0.7441030116724258
TVSum,video_11,fixed_alpha_0.2,0.7441030116724258
TVSum,video_11,fixed_alpha_0.3,0.7441030116724258
TVSum,video_11,fixed_alpha_0.4,0.7441030116724258
TVSum,video_11,fixed_alpha_0.5,0.6431514799713665
TVSum,video_11,fixed_alpha_0.6,0.6431514799713665
TVSum,video_11,fixed_alpha_0.7,0.6431514799713665
TVSum,video_11,fixed_alpha_0.8,0.6431514799713665
TVSum,video_11,fixed_alpha_0.9,0.6431514799713665
TVSum,video_11,fixed_alpha_1.0,0.6795430661782056
TVSum,video_11,adaptive_strength_0.0,0.6795430661782056
TVSum,video_11,adaptive_strength_0.1,0.6431514799713665
TVSum,video_11,adaptive_strength_0.2,0.6431514799713665
TVSum,video_11,adaptive_strength_0.3,0.6431514799713665
TVSum,video_11,adaptive_strength_0.4,0.6431514799713665
TVSum,video_11,adaptive_strength_0.5,0.6431514799713665
TVSum,video_11,adaptive_strength_0.6,0.6431514799713665
TVSum,video_11,adaptive_strength_0.7,0.6431514799713665
TVSum,video_11,adaptive_strength_0.8,0.6431514799713665
TVSum,video_11,adaptive_strength_0.9,0.6431514799713665
TVSum,video_11,adaptive_strength_1.0,0.6431514799713665
TVSum,video_12,fixed_alpha_0.0,0.6244411290970028
TVSum,video_12,fixed_alpha_0.1,0.6604968159751191
TVSum,video_12,fixed_alpha_0.2,0.6604968159751191
TVSum,video_12,fixed_alpha_0.3,0.6662139934918587
TVSum,video_12,fixed_alpha_0.4,0.6662139934918587
TVSum,video_12,fixed_alpha_0.5,0.6946756445278022
TVSum,video_12,fixed_alpha_0.6,0.6946756445278022
TVSum,video_12,fixed_alpha_0.7,0.6661402876723729
TVSum,video_12,fixed_alpha_0.8,0.6661402876723729
TVSum,video_12,fixed_alpha_0.9,0.6765342434789121
TVSum,video_12,fixed_alpha_1.0,0.6765342434789121
TVSum,video_12,adaptive_strength_0.0,0.6765342434789121
TVSum,video_12,adaptive_strength_0.1,0.6765342434789121
TVSum,video_12,adaptive_strength_0.2,0.6765342434789121
TVSum,video_12,adaptive_strength_0.3,0.6765342434789121
TVSum,video_12,adaptive_strength_0.4,0.6661402876723729
TVSum,video_12,adaptive_strength_0.5,0.6661402876723729
TVSum,video_12,adaptive_strength_0.6,0.6661402876723729
TVSum,video_12,adaptive_strength_0.7,0.6661402876723729
TVSum,video_12,adaptive_strength_0.8,0.6661402876723729
TVSum,video_12,adaptive_strength_0.9,0.6661402876723729
TVSum,video_12,adaptive_strength_1.0,0.6946756445278022
TVSum,video_13,fixed_alpha_0.0,0.45482249206183756
TVSum,video_13,fixed_alpha_0.1,0.5593145862506109
TVSum,video_13,fixed_alpha_0.2,0.5585670387647929
TVSum,video_13,fixed_alpha_0.3,0.5585670387647929
TVSum,video_13,fixed_alpha_0.4,0.5585670387647929
TVSum,video_13,fixed_alpha_0.5,0.5585670387647929
TVSum,video_13,fixed_alpha_0.6,0.5585670387647929
TVSum,video_13,fixed_alpha_0.7,0.5585670387647929
TVSum,video_13,fixed_alpha_0.8,0.5585670387647929
TVSum,video_13,fixed_alpha_0.9,0.5585670387647929
TVSum,video_13,fixed_alpha_1.0,0.5585670387647929
TVSum,video_13,adaptive_strength_0.0,0.5585670387647929
TVSum,video_13,adaptive_strength_0.1,0.5585670387647929
TVSum,video_13,adaptive_strength_0.2,0.5585670387647929
TVSum,video_13,adaptive_strength_0.3,0.5585670387647929
TVSum,video_13,adaptive_strength_0.4,0.5585670387647929
TVSum,video_13,adaptive_strength_0.5,0.5585670387647929
TVSum,video_13,adaptive_strength_0.6,0.5585670387647929
TVSum,video_13,adaptive_strength_0.7,0.5585670387647929
TVSum,video_13,adaptive_strength_0.8,0.5585670387647929
TVSum,video_13,adaptive_strength_0.9,0.5585670387647929
TVSum,video_13,adaptive_strength_1.0,0.5585670387647929
TVSum,video_14,fixed_alpha_0.0,0.43371959738177085
TVSum,video_14,fixed_alpha_0.1,0.5056768271417587
TVSum,video_14,fixed_alpha_0.2,0.5076337477172367
TVSum,video_14,fixed_alpha_0.3,0.5465213523335827
TVSum,video_14,fixed_alpha_0.4,0.5465213523335827
TVSum,video_14,fixed_alpha_0.5,0.5465213523335827
TVSum,video_14,fixed_alpha_0.6,0.5465213523335827
TVSum,video_14,fixed_alpha_0.7,0.5465213523335827
TVSum,video_14,fixed_alpha_0.8,0.5465213523335827
TVSum,video_14,fixed_alpha_0.9,0.5465213523335827
TVSum,video_14,fixed_alpha_1.0,0.5465213523335827
TVSum,video_14,adaptive_strength_0.0,0.5465213523335827
TVSum,video_14,adaptive_strength_0.1,0.5465213523335827
TVSum,video_14,adaptive_strength_0.2,0.5465213523335827
TVSum,video_14,adaptive_strength_0.3,0.5465213523335827
TVSum,video_14,adaptive_strength_0.4,0.5465213523335827
TVSum,video_14,adaptive_strength_0.5,0.5465213523335827
TVSum,video_14,adaptive_strength_0.6,0.5465213523335827
TVSum,video_14,adaptive_strength_0.7,0.5465213523335827
TVSum,video_14,adaptive_strength_0.8,0.5465213523335827
TVSum,video_14,adaptive_strength_0.9,0.5465213523335827
TVSum,video_14,adaptive_strength_1.0,0.5465213523335827
TVSum,video_15,fixed_alpha_0.0,0.4838526739849935
TVSum,video_15,fixed_alpha_0.1,0.5821804793770055
TVSum,video_15,fixed_alpha_0.2,0.5821804793770055
TVSum,video_15,fixed_alpha_0.3,0.5821804793770055
TVSum,video_15,fixed_alpha_0.4,0.5821804793770055
TVSum,video_15,fixed_alpha_0.5,0.5821804793770055
TVSum,video_15,fixed_alpha_0.6,0.6172214357261676
TVSum,video_15,fixed_alpha_0.7,0.6172214357261676
TVSum,video_15,fixed_alpha_0.8,0.6172214357261676
TVSum,video_15,fixed_alpha_0.9,0.6172214357261676
TVSum,video_15,fixed_alpha_1.0,0.6172214357261676
TVSum,video_15,adaptive_strength_0.0,0.6172214357261676
TVSum,video_15,adaptive_strength_0.1,0.6172214357261676
TVSum,video_15,adaptive_strength_0.2,0.6172214357261676
TVSum,video_15,adaptive_strength_0.3,0.6172214357261676
TVSum,video_15,adaptive_strength_0.4,0.6172214357261676
TVSum,video_15,adaptive_strength_0.5,0.6172214357261676
TVSum,video_15,adaptive_strength_0.6,0.6172214357261676
TVSum,video_15,adaptive_strength_0.7,0.6172214357261676
TVSum,video_15,adaptive_strength_0.8,0.6172214357261676
TVSum,video_15,adaptive_strength_0.9,0.6172214357261676
TVSum,video_15,adaptive_strength_1.0,0.6172214357261676
TVSum,video_16,fixed_alpha_0.0,0.6184153045882033
TVSum,video_16,fixed_alpha_0.1,0.6425095355212249
TVSum,video_16,fixed_alpha_0.2,0.6425095355212249
TVSum,video_16,fixed_alpha_0.3,0.6425095355212249
TVSum,video_16,fixed_alpha_0.4,0.6425095355212249
TVSum,video_16,fixed_alpha_0.5,0.6425095355212249
TVSum,video_16,fixed_alpha_0.6,0.6224151473650678
TVSum,video_16,fixed_alpha_0.7,0.6224151473650678
TVSum,video_16,fixed_alpha_0.8,0.6224151473650678
TVSum,video_16,fixed_alpha_0.9,0.6224151473650678
TVSum,video_16,fixed_alpha_1.0,0.6224151473650678
TVSum,video_16,adaptive_strength_0.0,0.6224151473650678
TVSum,video_16,adaptive_strength_0.1,0.6224151473650678
TVSum,video_16,adaptive_strength_0.2,0.6224151473650678
TVSum,video_16,adaptive_strength_0.3,0.6224151473650678
TVSum,video_16,adaptive_strength_0.4,0.6224151473650678
TVSum,video_16,adaptive_strength_0.5,0.6224151473650678
TVSum,video_16,adaptive_strength_0.6,0.6224151473650678
TVSum,video_16,adaptive_strength_0.7,0.6224151473650678
TVSum,video_16,adaptive_strength_0.8,0.6224151473650678
TVSum,video_16,adaptive_strength_0.9,0.6224151473650678
TVSum,video_16,adaptive_strength_1.0,0.6224151473650678
TVSum,video_17,fixed_alpha_0.0,0.549942629801449
TVSum,video_17,fixed_alpha_0.1,0.6502798772151727
TVSum,video_17,fixed_alpha_0.2,0.6362484130285397
TVSum,video_17,fixed_alpha_0.3,0.6362484130285397
TVSum,video_17,fixed_alpha_0.4,0.6362484130285397
TVSum,video_17,fixed_alpha_0.5,0.6479599983495946
TVSum,video_17,fixed_alpha_0.6,0.6479599983495946
TVSum,video_17,fixed_alpha_0.7,0.6389850875905608
TVSum,video_17,fixed_alpha_0.8,0.6389850875905608
TVSum,video_17,fixed_alpha_0.9,0.6389850875905608
TVSum,video_17,fixed_alpha_1.0,0.6389850875905608
TVSum,video_17,adaptive_strength_0.0,0.6389850875905608
TVSum,video_17,adaptive_strength_0.1,0.6389850875905608
TVSum,video_17,adaptive_strength_0.2,0.6389850875905608
TVSum,video_17,adaptive_strength_0.3,0.6389850875905608
TVSum,video_17,adaptive_strength_0.4,0.6389850875905608
TVSum,video_17,adaptive_strength_0.5,0.6389850875905608
TVSum,video_17,adaptive_strength_0.6,0.6389850875905608
TVSum,video_17,adaptive_strength_0.7,0.6389850875905608
TVSum,video_17,adaptive_strength_0.8,0.6389850875905608
TVSum,video_17,adaptive_strength_0.9,0.6389850875905608
TVSum,video_17,adaptive_strength_1.0,0.6389850875905608
TVSum,video_18,fixed_alpha_0.0,0.6876358154506595
TVSum,video_18,fixed_alpha_0.1,0.6876358154506595
TVSum,video_18,fixed_alpha_0.2,0.6984857334375963
TVSum,video_18,fixed_alpha_0.3,0.6984857334375963
TVSum,video_18,fixed_alpha_0.4,0.7356567057427317
TVSum,video_18,fixed_alpha_0.5,0.6931256562747559
TVSum,video_18,fixed_alpha_0.6,0.6931256562747559
TVSum,video_18,fixed_alpha_0.7,0.6931256562747559
TVSum,video_18,fixed_alpha_0.8,0.6931256562747559
TVSum,video_18,fixed_alpha_0.9,0.6931256562747559
TVSum,video_18,fixed_alpha_1.0,0.712865611550512
TVSum,video_18,adaptive_strength_0.0,0.712865611550512
TVSum,video_18,adaptive_strength_0.1,0.6931256562747559
TVSum,video_18,adaptive_strength_0.2,0.6931256562747559
TVSum,video_18,adaptive_strength_0.3,0.6931256562747559
TVSum,video_18,adaptive_strength_0.4,0.6931256562747559
TVSum,video_18,adaptive_strength_0.5,0.6931256562747559
TVSum,video_18,adaptive_strength_0.6,0.6931256562747559
TVSum,video_18,adaptive_strength_0.7,0.6931256562747559
TVSum,video_18,adaptive_strength_0.8,0.6931256562747559
TVSum,video_18,adaptive_strength_0.9,0.6931256562747559
TVSum,video_18,adaptive_strength_1.0,0.6931256562747559
TVSum,video_19,fixed_alpha_0.0,0.5876040918219819
TVSum,video_19,fixed_alpha_0.1,0.5876040918219819
TVSum,video_19,fixed_alpha_0.2,0.6281456711954949
TVSum,video_19,fixed_alpha_0.3,0.6281456711954949
TVSum,video_19,fixed_alpha_0.4,0.6281456711954949
TVSum,video_19,fixed_alpha_0.5,0.6281456711954949
TVSum,video_19,fixed_alpha_0.6,0.6675836539590188
TVSum,video_19,fixed_alpha_0.7,0.6644275921327495
TVSum,video_19,fixed_alpha_0.8,0.6644275921327495
TVSum,video_19,fixed_alpha_0.9,0.6663862175681855
TVSum,video_19,fixed_alpha_1.0,0.6663862175681855
TVSum,video_19,adaptive_strength_0.0,0.6663862175681855
TVSum,video_19,adaptive_strength_0.1,0.6663862175681855
TVSum,video_19,adaptive_strength_0.2,0.6663862175681855
TVSum,video_19,adaptive_strength_0.3,0.6663862175681855
TVSum,video_19,adaptive_strength_0.4,0.6663862175681855
TVSum,video_19,adaptive_strength_0.5,0.6644275921327495
TVSum,video_19,adaptive_strength_0.6,0.6644275921327495
TVSum,video_19,adaptive_strength_0.7,0.6644275921327495
TVSum,video_19,adaptive_strength_0.8,0.6644275921327495
TVSum,video_19,adaptive_strength_0.9,0.6644275921327495
TVSum,video_19,adaptive_strength_1.0,0.6675836539590188
TVSum,video_20,fixed_alpha_0.0,0.49959834231520694
TVSum,video_20,fixed_alpha_0.1,0.5605563075479856
TVSum,video_20,fixed_alpha_0.2,0.6181224553043336
TVSum,video_20,fixed_alpha_0.3,0.6642376088786346
TVSum,video_20,fixed_alpha_0.4,0.6642376088786346
TVSum,video_20,fixed_alpha_0.5,0.6642376088786346
TVSum,video_20,fixed_alpha_0.6,0.6642376088786346
TVSum,video_20,fixed_alpha_0.7,0.6564931779985527
TVSum,video_20,fixed_alpha_0.8,0.6564931779985527
TVSum,video_20,fixed_alpha_0.9,0.6564931779985527
TVSum,video_20,fixed_alpha_1.0,0.5832435383362002
TVSum,video_20,adaptive_strength_0.0,0.6564931779985527
TVSum,video_20,adaptive_strength_0.1,0.6564931779985527
TVSum,video_20,adaptive_strength_0.2,0.6564931779985527
TVSum,video_20,adaptive_strength_0.3,0.6564931779985527
TVSum,video_20,adaptive_strength_0.4,0.6564931779985527
TVSum,video_20,adaptive_strength_0.5,0.6564931779985527
TVSum,video_20,adaptive_strength_0.6,0.6564931779985527
TVSum,video_20,adaptive_strength_0.7,0.6564931779985527
TVSum,video_20,adaptive_strength_0.8,0.6564931779985527
TVSum,video_20,adaptive_strength_0.9,0.6564931779985527
TVSum,video_20,adaptive_strength_1.0,0.6564931779985527
TVSum,video_21,fixed_alpha_0.0,0.48937241968321105
TVSum,video_21,fixed_alpha_0.1,0.49134458920488333
TVSum,video_21,fixed_alpha_0.2,0.4915196532498635
TVSum,video_21,fixed_alpha_0.3,0.5072029319938498
TVSum,video_21,fixed_alpha_0.4,0.5157787375480705
TVSum,video_21,fixed_alpha_0.5,0.5157787375480705
TVSum,video_21,fixed_alpha_0.6,0.5157787375480705
TVSum,video_21,fixed_alpha_0.7,0.5157787375480705
TVSum,video_21,fixed_alpha_0.8,0.5003081727397234
TVSum,video_21,fixed_alpha_0.9,0.47568333174037025
TVSum,video_21,fixed_alpha_1.0,0.47568333174037025
TVSum,video_21,adaptive_strength_0.0,0.47568333174037025
TVSum,video_21,adaptive_strength_0.1,0.47568333174037025
TVSum,video_21,adaptive_strength_0.2,0.47568333174037025
TVSum,video_21,adaptive_strength_0.3,0.47568333174037025
TVSum,video_21,adaptive_strength_0.4,0.47568333174037025
TVSum,video_21,adaptive_strength_0.5,0.5003081727397234
TVSum,video_21,adaptive_strength_0.6,0.5157787375480705
TVSum,video_21,adaptive_strength_0.7,0.5157787375480705
TVSum,video_21,adaptive_strength_0.8,0.5157787375480705
TVSum,video_21,adaptive_strength_0.9,0.5157787375480705
TVSum,video_21,adaptive_strength_1.0,0.5157787375480705
TVSum,video_22,fixed_alpha_0.0,0.5299881470213115
TVSum,video_22,fixed_alpha_0.1,0.5421831191125464
TVSum,video_22,fixed_alpha_0.2,0.542557329979701
TVSum,video_22,fixed_alpha_0.3,0.5564132024861606
TVSum,video_22,fixed_alpha_0.4,0.5564132024861606
TVSum,video_22,fixed_alpha_0.5,0.5564132024861606
TVSum,video_22,fixed_alpha_0.6,0.5564132024861606
TVSum,video_22,fixed_alpha_0.7,0.5564132024861606
TVSum,video_22,fixed_alpha_0.8,0.5564132024861606
TVSum,video_22,fixed_alpha_0.9,0.5564132024861606
TVSum,video_22,fixed_alpha_1.0,0.5564132024861606
TVSum,video_22,adaptive_strength_0.0,0.5564132024861606
TVSum,video_22,adaptive_strength_0.1,0.5564132024861606
TVSum,video_22,adaptive_strength_0.2,0.5564132024861606
TVSum,video_22,adaptive_strength_0.3,0.5564132024861606
TVSum,video_22,adaptive_strength_0.4,0.5564132024861606
TVSum,video_22,adaptive_strength_0.5,0.5564132024861606
TVSum,video_22,adaptive_strength_0.6,0.5564132024861606
TVSum,video_22,adaptive_strength_0.7,0.5564132024861606
TVSum,video_22,adaptive_strength_0.8,0.5564132024861606
TVSum,video_22,adaptive_strength_0.9,0.5564132024861606
TVSum,video_22,adaptive_strength_1.0,0.5564132024861606
TVSum,video_23,fixed_alpha_0.0,0.4852727842301981
TVSum,video_23,fixed_alpha_0.1,0.5071474847209804
TVSum,video_23,fixed_alpha_0.2,0.4816183992375277
TVSum,video_23,fixed_alpha_0.3,0.4816183992375277
TVSum,video_23,fixed_alpha_0.4,0.4816183992375277
TVSum,video_23,fixed_alpha_0.5,0.4816183992375277
TVSum,video_23,fixed_alpha_0.6,0.47579252130768257
TVSum,video_23,fixed_alpha_0.7,0.48721896647014995
TVSum,video_23,fixed_alpha_0.8,0.48721896647014995
TVSum,video_23,fixed_alpha_0.9,0.48721896647014995
TVSum,video_23,fixed_alpha_1.0,0.48721896647014995
TVSum,video_23,adaptive_strength_0.0,0.48721896647014995
TVSum,video_23,adaptive_strength_0.1,0.48721896647014995
TVSum,video_23,adaptive_strength_0.2,0.48721896647014995
TVSum,video_23,adaptive_strength_0.3,0.48721896647014995
TVSum,video_23,adaptive_strength_0.4,0.48721896647014995
TVSum,video_23,adaptive_strength_0.5,0.48721896647014995
TVSum,video_23,adaptive_strength_0.6,0.48721896647014995
TVSum,video_23,adaptive_strength_0.7,0.48721896647014995
TVSum,video_23,adaptive_strength_0.8,0.48721896647014995
TVSum,video_23,adaptive_strength_0.9,0.48721896647014995
TVSum,video_23,adaptive_strength_1.0,0.47579252130768257
TVSum,video_24,fixed_alpha_0.0,0.4980564240960902
TVSum,video_24,fixed_alpha_0.1,0.5612826244795303
TVSum,video_24,fixed_alpha_0.2,0.5612826244795303
TVSum,video_24,fixed_alpha_0.3,0.5202927659649441
TVSum,video_24,fixed_alpha_0.4,0.5202927659649441
TVSum,video_24,fixed_alpha_0.5,0.5202927659649441
TVSum,video_24,fixed_alpha_0.6,0.5202927659649441
TVSum,video_24,fixed_alpha_0.7,0.5202927659649441
TVSum,video_24,fixed_alpha_0.8,0.5202927659649441
TVSum,video_24,fixed_alpha_0.9,0.5202927659649441
TVSum,video_24,fixed_alpha_1.0,0.5202927659649441
TVSum,video_24,adaptive_strength_0.0,0.5202927659649441
TVSum,video_24,adaptive_strength_0.1,0.5202927659649441
TVSum,video_24,adaptive_strength_0.2,0.5202927659649441
TVSum,video_24,adaptive_strength_0.3,0.5202927659649441
TVSum,video_24,adaptive_strength_0.4,0.5202927659649441
TVSum,video_24,adaptive_strength_0.5,0.5202927659649441
TVSum,video_24,adaptive_strength_0.6,0.5202927659649441
TVSum,video_24,adaptive_strength_0.7,0.5202927659649441
TVSum,video_24,adaptive_strength_0.8,0.5202927659649441
TVSum,video_24,adaptive_strength_0.9,0.5202927659649441
TVSum,video_24,adaptive_strength_1.0,0.5202927659649441
TVSum,video_25,fixed_alpha_0.0,0.44319188323131165
TVSum,video_25,fixed_alpha_0.1,0.45531942928198904
TVSum,video_25,fixed_alpha_0.2,0.49336942879893436
TVSum,video_25,fixed_alpha_0.3,0.49336942879893436
TVSum,video_25,fixed_alpha_0.4,0.49336942879893436
TVSum,video_25,fixed_alpha_0.5,0.4990107675898895
TVSum,video_25,fixed_alpha_0.6,0.4990107675898895
TVSum,video_25,fixed_alpha_0.7,0.4990107675898895
TVSum,video_25,fixed_alpha_0.8,0.4990107675898895
TVSum,video_25,fixed_alpha_0.9,0.4990107675898895
TVSum,video_25,fixed_alpha_1.0,0.4990107675898895
TVSum,video_25,adaptive_strength_0.0,0.4990107675898895
TVSum,video_25,adaptive_strength_0.1,0.4990107675898895
TVSum,video_25,adaptive_strength_0.2,0.4990107675898895
TVSum,video_25,adaptive_strength_0.3,0.4990107675898895
TVSum,video_25,adaptive_strength_0.4,0.4990107675898895
TVSum,video_25,adaptive_strength_0.5,0.4990107675898895
TVSum,video_25,adaptive_strength_0.6,0.4990107675898895
TVSum,video_25,adaptive_strength_0.7,0.4990107675898895
TVSum,video_25,adaptive_strength_0.8,0.4990107675898895
TVSum,video_25,adaptive_strength_0.9,0.4990107675898895
TVSum,video_25,adaptive_strength_1.0,0.4990107675898895
TVSum,video_26,fixed_alpha_0.0,0.5063074849698681
TVSum,video_26,fixed_alpha_0.1,0.5944706245944679
TVSum,video_26,fixed_alpha_0.2,0.5944706245944679
TVSum,video_26,fixed_alpha_0.3,0.6228742979754074
TVSum,video_26,fixed_alpha_0.4,0.6228742979754074
TVSum,video_26,fixed_alpha_0.5,0.6228742979754074
TVSum,video_26,fixed_alpha_0.6,0.6228742979754074
TVSum,video_26,fixed_alpha_0.7,0.6228742979754074
TVSum,video_26,fixed_alpha_0.8,0.6228742979754074
TVSum,video_26,fixed_alpha_0.9,0.6228742979754074
TVSum,video_26,fixed_alpha_1.0,0.6228742979754074
TVSum,video_26,adaptive_strength_0.0,0.6228742979754074
TVSum,video_26,adaptive_strength_0.1,0.6228742979754074
TVSum,video_26,adaptive_strength_0.2,0.6228742979754074
TVSum,video_26,adaptive_strength_0.3,0.6228742979754074
TVSum,video_26,adaptive_strength_0.4,0.6228742979754074
TVSum,video_26,adaptive_strength_0.5,0.6228742979754074
TVSum,video_26,adaptive_strength_0.6,0.6228742979754074
TVSum,video_26,adaptive_strength_0.7,0.6228742979754074
TVSum,video_26,adaptive_strength_0.8,0.6228742979754074
TVSum,video_26,adaptive_strength_0.9,0.6228742979754074
TVSum,video_26,adaptive_strength_1.0,0.6228742979754074
TVSum,video_27,fixed_alpha_0.0,0.5039384404732231
TVSum,video_27,fixed_alpha_0.1,0.48399669887181246
TVSum,video_27,fixed_alpha_0.2,0.4710102446173791
TVSum,video_27,fixed_alpha_0.3,0.4710102446173791
TVSum,video_27,fixed_alpha_0.4,0.4710102446173791
TVSum,video_27,fixed_alpha_0.5,0.4710102446173791
TVSum,video_27,fixed_alpha_0.6,0.4710102446173791
TVSum,video_27,fixed_alpha_0.7,0.4492796181294632
TVSum,video_27,fixed_alpha_0.8,0.4492796181294632
TVSum,video_27,fixed_alpha_0.9,0.4492796181294632
TVSum,video_27,fixed_alpha_1.0,0.4992800329354316
TVSum,video_27,adaptive_strength_0.0,0.4492796181294632
TVSum,video_27,adaptive_strength_0.1,0.4492796181294632
TVSum,video_27,adaptive_strength_0.2,0.4492796181294632
TVSum,video_27,adaptive_strength_0.3,0.4492796181294632
TVSum,video_27,adaptive_strength_0.4,0.4492796181294632
TVSum,video_27,adaptive_strength_0.5,0.4492796181294632
TVSum,video_27,adaptive_strength_0.6,0.4492796181294632
TVSum,video_27,adaptive_strength_0.7,0.4492796181294632
TVSum,video_27,adaptive_strength_0.8,0.4492796181294632
TVSum,video_27,adaptive_strength_0.9,0.4492796181294632
TVSum,video_27,adaptive_strength_1.0,0.4492796181294632
TVSum,video_28,fixed_alpha_0.0,0.5501428951009554
TVSum,video_28,fixed_alpha_0.1,0.5715919322547169
TVSum,video_28,fixed_alpha_0.2,0.5715919322547169
TVSum,video_28,fixed_alpha_0.3,0.5715919322547169
TVSum,video_28,fixed_alpha_0.4,0.5715919322547169
TVSum,video_28,fixed_alpha_0.5,0.5715919322547169
TVSum,video_28,fixed_alpha_0.6,0.6253593246936318
TVSum,video_28,fixed_alpha_0.7,0.6253593246936318
TVSum,video_28,fixed_alpha_0.8,0.6253593246936318
TVSum,video_28,fixed_alpha_0.9,0.6253593246936318
TVSum,video_28,fixed_alpha_1.0,0.6253593246936318
TVSum,video_28,adaptive_strength_0.0,0.6253593246936318
TVSum,video_28,adaptive_strength_0.1,0.6253593246936318
TVSum,video_28,adaptive_strength_0.2,0.6253593246936318
TVSum,video_28,adaptive_strength_0.3,0.6253593246936318
TVSum,video_28,adaptive_strength_0.4,0.6253593246936318
TVSum,video_28,adaptive_strength_0.5,0.6253593246936318
TVSum,video_28,adaptive_strength_0.6,0.6253593246936318
TVSum,video_28,adaptive_strength_0.7,0.6253593246936318
TVSum,video_28,adaptive_strength_0.8,0.6253593246936318
TVSum,video_28,adaptive_strength_0.9,0.6253593246936318
TVSum,video_28,adaptive_strength_1.0,0.6253593246936318
TVSum,video_29,fixed_alpha_0.0,0.5396854254038521
TVSum,video_29,fixed_alpha_0.1,0.5485715166584603
TVSum,video_29,fixed_alpha_0.2,0.5720674991288999
TVSum,video_29,fixed_alpha_0.3,0.5720674991288999
TVSum,video_29,fixed_alpha_0.4,0.5834072878692277
TVSum,video_29,fixed_alpha_0.5,0.5765250609313674
TVSum,video_29,fixed_alpha_0.6,0.5765250609313674
TVSum,video_29,fixed_alpha_0.7,0.563485916416426
TVSum,video_29,fixed_alpha_0.8,0.5631780759471898
TVSum,video_29,fixed_alpha_0.9,0.5631780759471898
TVSum,video_29,fixed_alpha_1.0,0.5672554019988162
TVSum,video_29,adaptive_strength_0.0,0.5631780759471898
TVSum,video_29,adaptive_strength_0.1,0.5631780759471898
TVSum,video_29,adaptive_strength_0.2,0.5631780759471898
TVSum,video_29,adaptive_strength_0.3,0.5631780759471898
TVSum,video_29,adaptive_strength_0.4,0.5631780759471898
TVSum,video_29,adaptive_strength_0.5,0.5631780759471898
TVSum,video_29,adaptive_strength_0.6,0.5633471451931069
TVSum,video_29,adaptive_strength_0.7,0.5633471451931069
TVSum,video_29,adaptive_strength_0.8,0.563485916416426
TVSum,video_29,adaptive_strength_0.9,0.5766321331148911
TVSum,video_29,adaptive_strength_1.0,0.5766321331148911
TVSum,video_30,fixed_alpha_0.0,0.5208583454144737
TVSum,video_30,fixed_alpha_0.1,0.5208583454144737
TVSum,video_30,fixed_alpha_0.2,0.5208583454144737
TVSum,video_30,fixed_alpha_0.3,0.5208583454144737
TVSum,video_30,fixed_alpha_0.4,0.5208583454144737
TVSum,video_30,fixed_alpha_0.5,0.5506919636902962
TVSum,video_30,fixed_alpha_0.6,0.5506919636902962
TVSum,video_30,fixed_alpha_0.7,0.5506919636902962
TVSum,video_30,fixed_alpha_0.8,0.5557041729539258
TVSum,video_30,fixed_alpha_0.9,0.5557041729539258
TVSum,video_30,fixed_alpha_1.0,0.5557041729539258
TVSum,video_30,adaptive_strength_0.0,0.5557041729539258
TVSum,video_30,adaptive_strength_0.1,0.5557041729539258
TVSum,video_30,adaptive_strength_0.2,0.5557041729539258
TVSum,video_30,adaptive_strength_0.3,0.5557041729539258
TVSum,video_30,adaptive_strength_0.4,0.5557041729539258
TVSum,video_30,adaptive_strength_0.5,0.5557041729539258
TVSum,video_30,adaptive_strength_0.6,0.5506919636902962
TVSum,video_30,adaptive_strength_0.7,0.5506919636902962
TVSum,video_30,adaptive_strength_0.8,0.5506919636902962
TVSum,video_30,adaptive_strength_0.9,0.5506919636902962
TVSum,video_30,adaptive_strength_1.0,0.5506919636902962
TVSum,video_31,fixed_alpha_0.0,0.579246948268647
TVSum,video_31,fixed_alpha_0.1,0.6692223496932226
TVSum,video_31,fixed_alpha_0.2,0.6692223496932226
TVSum,video_31,fixed_alpha_0.3,0.6692223496932226
TVSum,video_31,fixed_alpha_0.4,0.6692223496932226
TVSum,video_31,fixed_alpha_0.5,0.6692223496932226
TVSum,video_31,fixed_alpha_0.6,0.6823120363043433
TVSum,video_31,fixed_alpha_0.7,0.6823120363043433
TVSum,video_31,fixed_alpha_0.8,0.6823120363043433
TVSum,video_31,fixed_alpha_0.9,0.6823120363043433
TVSum,video_31,fixed_alpha_1.0,0.6823120363043433
TVSum,video_31,adaptive_strength_0.0,0.6823120363043433
TVSum,video_31,adaptive_strength_0.1,0.6823120363043433
TVSum,video_31,adaptive_strength_0.2,0.6823120363043433
TVSum,video_31,adaptive_strength_0.3,0.6823120363043433
TVSum,video_31,adaptive_strength_0.4,0.6823120363043433
TVSum,video_31,adaptive_strength_0.5,0.6823120363043433
TVSum,video_31,adaptive_strength_0.6,0.6823120363043433
TVSum,video_31,adaptive_strength_0.7,0.6823120363043433
TVSum,video_31,adaptive_strength_0.8,0.6823120363043433
TVSum,video_31,adaptive_strength_0.9,0.6823120363043433
TVSum,video_31,adaptive_strength_1.0,0.6823120363043433
TVSum,video_32,fixed_alpha_0.0,0.673088511104464
TVSum,video_32,fixed_alpha_0.1,0.673088511104464
TVSum,video_32,fixed_alpha_0.2,0.673088511104464
TVSum,video_32,fixed_alpha_0.3,0.673088511104464
TVSum,video_32,fixed_alpha_0.4,0.673088511104464
TVSum,video_32,fixed_alpha_0.5,0.673088511104464
TVSum,video_32,fixed_alpha_0.6,0.673088511104464
TVSum,video_32,fixed_alpha_0.7,0.6179074313380779
TVSum,video_32,fixed_alpha_0.8,0.6179074313380779
TVSum,video_32,fixed_alpha_0.9,0.6179074313380779
TVSum,video_32,fixed_alpha_1.0,0.5754797676654823
TVSum,video_32,adaptive_strength_0.0,0.6179074313380779
TVSum,video_32,adaptive_strength_0.1,0.6179074313380779
TVSum,video_32,adaptive_strength_0.2,0.6179074313380779
TVSum,video_32,adaptive_strength_0.3,0.6179074313380779
TVSum,video_32,adaptive_strength_0.4,0.6179074313380779
TVSum,video_32,adaptive_strength_0.5,0.6179074313380779
TVSum,video_32,adaptive_strength_0.6,0.6179074313380779
TVSum,video_32,adaptive_strength_0.7,0.6179074313380779
TVSum,video_32,adaptive_strength_0.8,0.6179074313380779
TVSum,video_32,adaptive_strength_0.9,0.6179074313380779
TVSum,video_32,adaptive_strength_1.0,0.6179074313380779
TVSum,video_33,fixed_alpha_0.0,0.5684940423527172
TVSum,video_33,fixed_alpha_0.1,0.6199358059706979
TVSum,video_33,fixed_alpha_0.2,0.6148659996785828
TVSum,video_33,fixed_alpha_0.3,0.64823945097619
TVSum,video_33,fixed_alpha_0.4,0.64823945097619
TVSum,video_33,fixed_alpha_0.5,0.6485310052704545
TVSum,video_33,fixed_alpha_0.6,0.6485310052704545
TVSum,video_33,fixed_alpha_0.7,0.657975104282635
TVSum,video_33,fixed_alpha_0.8,0.658563690115761
TVSum,video_33,fixed_alpha_0.9,0.658563690115761
TVSum,video_33,fixed_alpha_1.0,0.658563690115761
TVSum,video_33,adaptive_strength_0.0,0.658563690115761
TVSum,video_33,adaptive_strength_0.1,0.658563690115761
TVSum,video_33,adaptive_strength_0.2,0.658563690115761
TVSum,video_33,adaptive_strength_0.3,0.658563690115761
TVSum,video_33,adaptive_strength_0.4,0.658563690115761
TVSum,video_33,adaptive_strength_0.5,0.658563690115761
TVSum,video_33,adaptive_strength_0.6,0.658563690115761
TVSum,video_33,adaptive_strength_0.7,0.658563690115761
TVSum,video_33,adaptive_strength_0.8,0.657975104282635
TVSum,video_33,adaptive_strength_0.9,0.657975104282635
TVSum,video_33,adaptive_strength_1.0,0.657975104282635
TVSum,video_34,fixed_alpha_0.0,0.4596670509499483
TVSum,video_34,fixed_alpha_0.1,0.46094420045890877
TVSum,video_34,fixed_alpha_0.2,0.5233271819583822
TVSum,video_34,fixed_alpha_0.3,0.6140149885398174
TVSum,video_34,fixed_alpha_0.4,0.6140149885398174
TVSum,video_34,fixed_alpha_0.5,0.6140149885398174
TVSum,video_34,fixed_alpha_0.6,0.6140149885398174
TVSum,video_34,fixed_alpha_0.7,0.6140149885398174
TVSum,video_34,fixed_alpha_0.8,0.6140149885398174
TVSum,video_34,fixed_alpha_0.9,0.6140149885398174
TVSum,video_34,fixed_alpha_1.0,0.6140149885398174
TVSum,video_34,adaptive_strength_0.0,0.6140149885398174
TVSum,video_34,adaptive_strength_0.1,0.6140149885398174
TVSum,video_34,adaptive_strength_0.2,0.6140149885398174
TVSum,video_34,adaptive_strength_0.3,0.6140149885398174
TVSum,video_34,adaptive_strength_0.4,0.6140149885398174
TVSum,video_34,adaptive_strength_0.5,0.6140149885398174
TVSum,video_34,adaptive_strength_0.6,0.6140149885398174
TVSum,video_34,adaptive_strength_0.7,0.6140149885398174
TVSum,video_34,adaptive_strength_0.8,0.6140149885398174
TVSum,video_34,adaptive_strength_0.9,0.6140149885398174
TVSum,video_34,adaptive_strength_1.0,0.6140149885398174
TVSum,video_35,fixed_alpha_0.0,0.6250908323559614
TVSum,video_35,fixed_alpha_0.1,0.7288106960079639
TVSum,video_35,fixed_alpha_0.2,0.7288106960079639
TVSum,video_35,fixed_alpha_0.3,0.7288106960079639
TVSum,video_35,fixed_alpha_0.4,0.7288106960079639
TVSum,video_35,fixed_alpha_0.5,0.7288106960079639
TVSum,video_35,fixed_alpha_0.6,0.7288106960079639
TVSum,video_35,fixed_alpha_0.7,0.7288106960079639
TVSum,video_35,fixed_alpha_0.8,0.7288106960079639
TVSum,video_35,fixed_alpha_0.9,0.7288106960079639
TVSum,video_35,fixed_alpha_1.0,0.7288106960079639
TVSum,video_35,adaptive_strength_0.0,0.7288106960079639
TVSum,video_35,adaptive_strength_0.1,0.7288106960079639
TVSum,video_35,adaptive_strength_0.2,0.7288106960079639
TVSum,video_35,adaptive_strength_0.3,0.7288106960079639
TVSum,video_35,adaptive_strength_0.4,0.7288106960079639
TVSum,video_35,adaptive_strength_0.5,0.7288106960079639
TVSum,video_35,adaptive_strength_0.6,0.7288106960079639
TVSum,video_35,adaptive_strength_0.7,0.7288106960079639
TVSum,video_35,adaptive_strength_0.8,0.7288106960079639
TVSum,video_35,adaptive_strength_0.9,0.7288106960079639
TVSum,video_35,adaptive_strength_1.0,0.7288106960079639
TVSum,video_36,fixed_alpha_0.0,0.618567865224637
TVSum,video_36,fixed_alpha_0.1,0.618567865224637
TVSum,video_36,fixed_alpha_0.2,0.6572163410417865
TVSum,video_36,fixed_alpha_0.3,0.6572163410417865
TVSum,video_36,fixed_alpha_0.4,0.6572163410417865
TVSum,video_36,fixed_alpha_0.5,0.6572163410417865
TVSum,video_36,fixed_alpha_0.6,0.6572163410417865
TVSum,video_36,fixed_alpha_0.7,0.6572163410417865
TVSum,video_36,fixed_alpha_0.8,0.6572163410417865
TVSum,video_36,fixed_alpha_0.9,0.6572163410417865
TVSum,video_36,fixed_alpha_1.0,0.6572163410417865
TVSum,video_36,adaptive_strength_0.0,0.6572163410417865
TVSum,video_36,adaptive_strength_0.1,0.6572163410417865
TVSum,video_36,adaptive_strength_0.2,0.6572163410417865
TVSum,video_36,adaptive_strength_0.3,0.6572163410417865
TVSum,video_36,adaptive_strength_0.4,0.6572163410417865
TVSum,video_36,adaptive_strength_0.5,0.6572163410417865
TVSum,video_36,adaptive_strength_0.6,0.6572163410417865
TVSum,video_36,adaptive_strength_0.7,0.6572163410417865
TVSum,video_36,adaptive_strength_0.8,0.6572163410417865
TVSum,video_36,adaptive_strength_0.9,0.6572163410417865
TVSum,video_36,adaptive_strength_1.0,0.6572163410417865
TVSum,video_37,fixed_alpha_0.0,0.3051116147914324
TVSum,video_37,fixed_alpha_0.1,0.32492172293726296
TVSum,video_37,fixed_alpha_0.2,0.49355083321720894
TVSum,video_37,fixed_alpha_0.3,0.49355083321720894
TVSum,video_37,fixed_alpha_0.4,0.49355083321720894
TVSum,video_37,fixed_alpha_0.5,0.49355083321720894
TVSum,video_37,fixed_alpha_0.6,0.49355083321720894
TVSum,video_37,fixed_alpha_0.7,0.49355083321720894
TVSum,video_37,fixed_alpha_0.8,0.49355083321720894
TVSum,video_37,fixed_alpha_0.9,0.49355083321720894
TVSum,video_37,fixed_alpha_1.0,0.4753922168378651
TVSum,video_37,adaptive_strength_0.0,0.4753922168378651
TVSum,video_37,adaptive_strength_0.1,0.49355083321720894
TVSum,video_37,adaptive_strength_0.2,0.49355083321720894
TVSum,video_37,adaptive_strength_0.3,0.49355083321720894
TVSum,video_37,adaptive_strength_0.4,0.49355083321720894
TVSum,video_37,adaptive_strength_0.5,0.49355083321720894
TVSum,video_37,adaptive_strength_0.6,0.49355083321720894
TVSum,video_37,adaptive_strength_0.7,0.49355083321720894
TVSum,video_37,adaptive_strength_0.8,0.49355083321720894
TVSum,video_37,adaptive_strength_0.9,0.49355083321720894
TVSum,video_37,adaptive_strength_1.0,0.49355083321720894
TVSum,video_38,fixed_alpha_0.0,0.5195210940218141
TVSum,video_38,fixed_alpha_0.1,0.5195210940218141
TVSum,video_38,fixed_alpha_0.2,0.5195210940218141
TVSum,video_38,fixed_alpha_0.3,0.5195210940218141
TVSum,video_38,fixed_alpha_0.4,0.5195210940218141
TVSum,video_38,fixed_alpha_0.5,0.5195210940218141
TVSum,video_38,fixed_alpha_0.6,0.5195210940218141
TVSum,video_38,fixed_alpha_0.7,0.5195210940218141
TVSum,video_38,fixed_alpha_0.8,0.5195210940218141
TVSum,video_38,fixed_alpha_0.9,0.5195210940218141
TVSum,video_38,fixed_alpha_1.0,0.5195210940218141
TVSum,video_38,adaptive_strength_0.0,0.5195210940218141
TVSum,video_38,adaptive_strength_0.1,0.5195210940218141
TVSum,video_38,adaptive_strength_0.2,0.5195210940218141
TVSum,video_38,adaptive_strength_0.3,0.5195210940218141
TVSum,video_38,adaptive_strength_0.4,0.5195210940218141
TVSum,video_38,adaptive_strength_0.5,0.5195210940218141
TVSum,video_38,adaptive_strength_0.6,0.5195210940218141
TVSum,video_38,adaptive_strength_0.7,0.5195210940218141
TVSum,video_38,adaptive_strength_0.8,0.5195210940218141
TVSum,video_38,adaptive_strength_0.9,0.5195210940218141
TVSum,video_38,adaptive_strength_1.0,0.5195210940218141
TVSum,video_39,fixed_alpha_0.0,0.5476932711948457
TVSum,video_39,fixed_alpha_0.1,0.6681140741303628
TVSum,video_39,fixed_alpha_0.2,0.6681140741303628
TVSum,video_39,fixed_alpha_0.3,0.6681140741303628
TVSum,video_39,fixed_alpha_0.4,0.6681140741303628
TVSum,video_39,fixed_alpha_0.5,0.552583134368276
TVSum,video_39,fixed_alpha_0.6,0.552583134368276
TVSum,video_39,fixed_alpha_0.7,0.5584595416457191
TVSum,video_39,fixed_alpha_0.8,0.5584595416457191
TVSum,video_39,fixed_alpha_0.9,0.5565730616190565
TVSum,video_39,fixed_alpha_1.0,0.5565730616190565
TVSum,video_39,adaptive_strength_0.0,0.5565730616190565
TVSum,video_39,adaptive_strength_0.1,0.5565730616190565
TVSum,video_39,adaptive_strength_0.2,0.5584595416457191
TVSum,video_39,adaptive_strength_0.3,0.5584595416457191
TVSum,video_39,adaptive_strength_0.4,0.5584595416457191
TVSum,video_39,adaptive_strength_0.5,0.5584595416457191
TVSum,video_39,adaptive_strength_0.6,0.5584595416457191
TVSum,video_39,adaptive_strength_0.7,0.5584595416457191
TVSum,video_39,adaptive_strength_0.8,0.5584595416457191
TVSum,video_39,adaptive_strength_0.9,0.5584595416457191
TVSum,video_39,adaptive_strength_1.0,0.552583134368276
TVSum,video_40,fixed_alpha_0.0,0.5596661674309483
TVSum,video_40,fixed_alpha_0.1,0.5902801879829653
TVSum,video_40,fixed_alpha_0.2,0.5902801879829653
TVSum,video_40,fixed_alpha_0.3,0.5467141091865528
TVSum,video_40,fixed_alpha_0.4,0.5467141091865528
TVSum,video_40,fixed_alpha_0.5,0.5467141091865528
TVSum,video_40,fixed_alpha_0.6,0.5467141091865528
TVSum,video_40,fixed_alpha_0.7,0.5644193596542546
TVSum,video_40,fixed_alpha_0.8,0.5644193596542546
TVSum,video_40,fixed_alpha_0.9,0.5526917876326228
TVSum,video_40,fixed_alpha_1.0,0.5526917876326228
TVSum,video_40,adaptive_strength_0.0,0.5526917876326228
TVSum,video_40,adaptive_strength_0.1,0.5526917876326228
TVSum,video_40,adaptive_strength_0.2,0.5526917876326228
TVSum,video_40,adaptive_strength_0.3,0.5526917876326228
TVSum,video_40,adaptive_strength_0.4,0.5644193596542546
TVSum,video_40,adaptive_strength_0.5,0.5644193596542546
TVSum,video_40,adaptive_strength_0.6,0.5644193596542546
TVSum,video_40,adaptive_strength_0.7,0.5644193596542546
TVSum,video_40,adaptive_strength_0.8,0.5644193596542546
TVSum,video_40,adaptive_strength_0.9,0.5644193596542546
TVSum,video_40,adaptive_strength_1.0,0.5467141091865528
TVSum,video_41,fixed_alpha_0.0,0.8471829447982533
TVSum,video_41,fixed_alpha_0.1,0.8471829447982533
TVSum,video_41,fixed_alpha_0.2,0.8471829447982533
TVSum,video_41,fixed_alpha_0.3,0.8166301831741958
TVSum,video_41,fixed_alpha_0.4,0.8131020324807879
TVSum,video_41,fixed_alpha_0.5,0.8131020324807879
TVSum,video_41,fixed_alpha_0.6,0.8131020324807879
TVSum,video_41,fixed_alpha_0.7,0.8131020324807879
TVSum,video_41,fixed_alpha_0.8,0.8131020324807879
TVSum,video_41,fixed_alpha_0.9,0.8131020324807879
TVSum,video_41,fixed_alpha_1.0,0.8131020324807879
TVSum,video_41,adaptive_strength_0.0,0.8131020324807879
TVSum,video_41,adaptive_strength_0.1,0.8131020324807879
TVSum,video_41,adaptive_strength_0.2,0.8131020324807879
TVSum,video_41,adaptive_strength_0.3,0.8131020324807879
TVSum,video_41,adaptive_strength_0.4,0.8131020324807879
TVSum,video_41,adaptive_strength_0.5,0.8131020324807879
TVSum,video_41,adaptive_strength_0.6,0.8131020324807879
TVSum,video_41,adaptive_strength_0.7,0.8131020324807879
TVSum,video_41,adaptive_strength_0.8,0.8131020324807879
TVSum,video_41,adaptive_strength_0.9,0.8131020324807879
TVSum,video_41,adaptive_strength_1.0,0.8131020324807879
TVSum,video_42,fixed_alpha_0.0,0.5992333172466431
TVSum,video_42,fixed_alpha_0.1,0.6907923420317056
TVSum,video_42,fixed_alpha_0.2,0.6804189448781528
TVSum,video_42,fixed_alpha_0.3,0.6804189448781528
TVSum,video_42,fixed_alpha_0.4,0.6804189448781528
TVSum,video_42,fixed_alpha_0.5,0.6804189448781528
TVSum,video_42,fixed_alpha_0.6,0.6804189448781528
TVSum,video_42,fixed_alpha_0.7,0.5798737168948244
TVSum,video_42,fixed_alpha_0.8,0.5798737168948244
TVSum,video_42,fixed_alpha_0.9,0.5798737168948244
TVSum,video_42,fixed_alpha_1.0,0.5798737168948244
TVSum,video_42,adaptive_strength_0.0,0.5798737168948244
TVSum,video_42,adaptive_strength_0.1,0.5798737168948244
TVSum,video_42,adaptive_strength_0.2,0.5798737168948244
TVSum,video_42,adaptive_strength_0.3,0.5798737168948244
TVSum,video_42,adaptive_strength_0.4,0.5798737168948244
TVSum,video_42,adaptive_strength_0.5,0.5798737168948244
TVSum,video_42,adaptive_strength_0.6,0.5798737168948244
TVSum,video_42,adaptive_strength_0.7,0.5798737168948244
TVSum,video_42,adaptive_strength_0.8,0.5798737168948244
TVSum,video_42,adaptive_strength_0.9,0.6804189448781528
TVSum,video_42,adaptive_strength_1.0,0.6804189448781528
TVSum,video_43,fixed_alpha_0.0,0.6388538332411959
TVSum,video_43,fixed_alpha_0.1,0.6568484941656012
TVSum,video_43,fixed_alpha_0.2,0.6735568415950672
TVSum,video_43,fixed_alpha_0.3,0.6735568415950672
TVSum,video_43,fixed_alpha_0.4,0.6735568415950672
TVSum,video_43,fixed_alpha_0.5,0.6782164435616942
TVSum,video_43,fixed_alpha_0.6,0.6782164435616942
TVSum,video_43,fixed_alpha_0.7,0.6782164435616942
TVSum,video_43,fixed_alpha_0.8,0.6782164435616942
TVSum,video_43,fixed_alpha_0.9,0.6782164435616942
TVSum,video_43,fixed_alpha_1.0,0.6782164435616942
TVSum,video_43,adaptive_strength_0.0,0.6782164435616942
TVSum,video_43,adaptive_strength_0.1,0.6782164435616942
TVSum,video_43,adaptive_strength_0.2,0.6782164435616942
TVSum,video_43,adaptive_strength_0.3,0.6782164435616942
TVSum,video_43,adaptive_strength_0.4,0.6782164435616942
TVSum,video_43,adaptive_strength_0.5,0.6782164435616942
TVSum,video_43,adaptive_strength_0.6,0.6782164435616942
TVSum,video_43,adaptive_strength_0.7,0.6782164435616942
TVSum,video_43,adaptive_strength_0.8,0.6782164435616942
TVSum,video_43,adaptive_strength_0.9,0.6782164435616942
TVSum,video_43,adaptive_strength_1.0,0.6782164435616942
TVSum,video_44,fixed_alpha_0.0,0.7138765905462091
TVSum,video_44,fixed_alpha_0.1,0.7138765905462091
TVSum,video_44,fixed_alpha_0.2,0.7138765905462091
TVSum,video_44,fixed_alpha_0.3,0.7138765905462091
TVSum,video_44,fixed_alpha_0.4,0.7138765905462091
TVSum,video_44,fixed_alpha_0.5,0.7138765905462091
TVSum,video_44,fixed_alpha_0.6,0.7138765905462091
TVSum,video_44,fixed_alpha_0.7,0.7138765905462091
TVSum,video_44,fixed_alpha_0.8,0.7138765905462091
TVSum,video_44,fixed_alpha_0.9,0.7138765905462091
TVSum,video_44,fixed_alpha_1.0,0.7278867898221103
TVSum,video_44,adaptive_strength_0.0,0.7138765905462091
TVSum,video_44,adaptive_strength_0.1,0.7138765905462091
TVSum,video_44,adaptive_strength_0.2,0.7138765905462091
TVSum,video_44,adaptive_strength_0.3,0.7138765905462091
TVSum,video_44,adaptive_strength_0.4,0.7138765905462091
TVSum,video_44,adaptive_strength_0.5,0.7138765905462091
TVSum,video_44,adaptive_strength_0.6,0.7138765905462091
TVSum,video_44,adaptive_strength_0.7,0.7138765905462091
TVSum,video_44,adaptive_strength_0.8,0.7138765905462091
TVSum,video_44,adaptive_strength_0.9,0.7138765905462091
TVSum,video_44,adaptive_strength_1.0,0.7138765905462091
TVSum,video_45,fixed_alpha_0.0,0.726913058487536
TVSum,video_45,fixed_alpha_0.1,0.726913058487536
TVSum,video_45,fixed_alpha_0.2,0.726913058487536
TVSum,video_45,fixed_alpha_0.3,0.726913058487536
TVSum,video_45,fixed_alpha_0.4,0.726913058487536
TVSum,video_45,fixed_alpha_0.5,0.726913058487536
TVSum,video_45,fixed_alpha_0.6,0.726913058487536
TVSum,video_45,fixed_alpha_0.7,0.726913058487536
TVSum,video_45,fixed_alpha_0.8,0.726913058487536
TVSum,video_45,fixed_alpha_0.9,0.726913058487536
TVSum,video_45,fixed_alpha_1.0,0.726913058487536
TVSum,video_45,adaptive_strength_0.0,0.726913058487536
TVSum,video_45,adaptive_strength_0.1,0.726913058487536
TVSum,video_45,adaptive_strength_0.2,0.726913058487536
TVSum,video_45,adaptive_strength_0.3,0.726913058487536
TVSum,video_45,adaptive_strength_0.4,0.726913058487536
TVSum,video_45,adaptive_strength_0.5,0.726913058487536
TVSum,video_45,adaptive_strength_0.6,0.726913058487536
TVSum,video_45,adaptive_strength_0.7,0.726913058487536
TVSum,video_45,adaptive_strength_0.8,0.726913058487536
TVSum,video_45,adaptive_strength_0.9,0.726913058487536
TVSum,video_45,adaptive_strength_1.0,0.726913058487536
TVSum,video_46,fixed_alpha_0.0,0.6048325704866546
TVSum,video_46,fixed_alpha_0.1,0.6094503885478525
TVSum,video_46,fixed_alpha_0.2,0.6110114498699797
TVSum,video_46,fixed_alpha_0.3,0.6110114498699797
TVSum,video_46,fixed_alpha_0.4,0.6110114498699797
TVSum,video_46,fixed_alpha_0.5,0.6110114498699797
TVSum,video_46,fixed_alpha_0.6,0.6110114498699797
TVSum,video_46,fixed_alpha_0.7,0.6110114498699797
TVSum,video_46,fixed_alpha_0.8,0.6110114498699797
TVSum,video_46,fixed_alpha_0.9,0.5684923586902727
TVSum,video_46,fixed_alpha_1.0,0.5684923586902727
TVSum,video_46,adaptive_strength_0.0,0.5684923586902727
TVSum,video_46,adaptive_strength_0.1,0.5684923586902727
TVSum,video_46,adaptive_strength_0.2,0.5684923586902727
TVSum,video_46,adaptive_strength_0.3,0.5684923586902727
TVSum,video_46,adaptive_strength_0.4,0.5684923586902727
TVSum,video_46,adaptive_strength_0.5,0.6110114498699797
TVSum,video_46,adaptive_strength_0.6,0.6110114498699797
TVSum,video_46,adaptive_strength_0.7,0.6110114498699797
TVSum,video_46,adaptive_strength_0.8,0.6110114498699797
TVSum,video_46,adaptive_strength_0.9,0.6110114498699797
TVSum,video_46,adaptive_strength_1.0,0.6110114498699797
TVSum,video_47,fixed_alpha_0.0,0.44183734936979147
TVSum,video_47,fixed_alpha_0.1,0.49429792665852623
TVSum,video_47,fixed_alpha_0.2,0.49394051318101095
TVSum,video_47,fixed_alpha_0.3,0.49394051318101095
TVSum,video_47,fixed_alpha_0.4,0.49394051318101095
TVSum,video_47,fixed_alpha_0.5,0.49488901221993736
TVSum,video_47,fixed_alpha_0.6,0.49488901221993736
TVSum,video_47,fixed_alpha_0.7,0.49488901221993736
TVSum,video_47,fixed_alpha_0.8,0.49488901221993736
TVSum,video_47,fixed_alpha_0.9,0.49488901221993736
TVSum,video_47,fixed_alpha_1.0,0.49488901221993736
TVSum,video_47,adaptive_strength_0.0,0.49488901221993736
TVSum,video_47,adaptive_strength_0.1,0.49488901221993736
TVSum,video_47,adaptive_strength_0.2,0.49488901221993736
TVSum,video_47,adaptive_strength_0.3,0.49488901221993736
TVSum,video_47,adaptive_strength_0.4,0.49488901221993736
TVSum,video_47,adaptive_strength_0.5,0.49488901221993736
TVSum,video_47,adaptive_strength_0.6,0.49488901221993736
TVSum,video_47,adaptive_strength_0.7,0.49488901221993736
TVSum,video_47,adaptive_strength_0.8,0.49488901221993736
TVSum,video_47,adaptive_strength_0.9,0.49488901221993736
TVSum,video_47,adaptive_strength_1.0,0.49488901221993736
TVSum,video_48,fixed_alpha_0.0,0.37174456599817607
TVSum,video_48,fixed_alpha_0.1,0.45572015420816714
TVSum,video_48,fixed_alpha_0.2,0.45572015420816714
TVSum,video_48,fixed_alpha_0.3,0.45572015420816714
TVSum,video_48,fixed_alpha_0.4,0.3998374815989297
TVSum,video_48,fixed_alpha_0.5,0.3998374815989297
TVSum,video_48,fixed_alpha_0.6,0.3998374815989297
TVSum,video_48,fixed_alpha_0.7,0.43908715792525077
TVSum,video_48,fixed_alpha_0.8,0.43908715792525077
TVSum,video_48,fixed_alpha_0.9,0.43908715792525077
TVSum,video_48,fixed_alpha_1.0,0.43388237741646246
TVSum,video_48,adaptive_strength_0.0,0.43908715792525077
TVSum,video_48,adaptive_strength_0.1,0.43908715792525077
TVSum,video_48,adaptive_strength_0.2,0.43908715792525077
TVSum,video_48,adaptive_strength_0.3,0.43908715792525077
TVSum,video_48,adaptive_strength_0.4,0.43908715792525077
TVSum,video_48,adaptive_strength_0.5,0.43908715792525077
TVSum,video_48,adaptive_strength_0.6,0.43908715792525077
TVSum,video_48,adaptive_strength_0.7,0.43908715792525077
TVSum,video_48,adaptive_strength_0.8,0.43908715792525077
TVSum,video_48,adaptive_strength_0.9,0.43908715792525077
TVSum,video_48,adaptive_strength_1.0,0.3998374815989297
TVSum,video_49,fixed_alpha_0.0,0.48369745584688273
TVSum,video_49,fixed_alpha_0.1,0.4249118567272501
TVSum,video_49,fixed_alpha_0.2,0.46780937376346204
TVSum,video_49,fixed_alpha_0.3,0.46780937376346204
TVSum,video_49,fixed_alpha_0.4,0.46780937376346204
TVSum,video_49,fixed_alpha_0.5,0.46780937376346204
TVSum,video_49,fixed_alpha_0.6,0.46780937376346204
TVSum,video_49,fixed_alpha_0.7,0.46780937376346204
TVSum,video_49,fixed_alpha_0.8,0.46780937376346204
TVSum,video_49,fixed_alpha_0.9,0.46780937376346204
TVSum,video_49,fixed_alpha_1.0,0.46780937376346204
TVSum,video_49,adaptive_strength_0.0,0.46780937376346204
TVSum,video_49,adaptive_strength_0.1,0.46780937376346204
TVSum,video_49,adaptive_strength_0.2,0.46780937376346204
TVSum,video_49,adaptive_strength_0.3,0.46780937376346204
TVSum,video_49,adaptive_strength_0.4,0.46780937376346204
TVSum,video_49,adaptive_strength_0.5,0.46780937376346204
TVSum,video_49,adaptive_strength_0.6,0.46780937376346204
TVSum,video_49,adaptive_strength_0.7,0.46780937376346204
TVSum,video_49,adaptive_strength_0.8,0.46780937376346204
TVSum,video_49,adaptive_strength_0.9,0.46780937376346204
TVSum,video_49,adaptive_strength_1.0,0.46780937376346204
TVSum,video_50,fixed_alpha_0.0,0.47130250023316245
TVSum,video_50,fixed_alpha_0.1,0.4895009941764097
TVSum,video_50,fixed_alpha_0.2,0.5319802801941726
TVSum,video_50,fixed_alpha_0.3,0.5319802801941726
TVSum,video_50,fixed_alpha_0.4,0.5635847761291244
TVSum,video_50,fixed_alpha_0.5,0.5635847761291244
TVSum,video_50,fixed_alpha_0.6,0.5635847761291244
TVSum,video_50,fixed_alpha_0.7,0.5635847761291244
TVSum,video_50,fixed_alpha_0.8,0.5635847761291244
TVSum,video_50,fixed_alpha_0.9,0.5875752197943334
TVSum,video_50,fixed_alpha_1.0,0.5875752197943334
TVSum,video_50,adaptive_strength_0.0,0.5635847761291244
TVSum,video_50,adaptive_strength_0.1,0.5635847761291244
TVSum,video_50,adaptive_strength_0.2,0.5635847761291244
TVSum,video_50,adaptive_strength_0.3,0.5635847761291244
TVSum,video_50,adaptive_strength_0.4,0.5635847761291244
TVSum,video_50,adaptive_strength_0.5,0.5635847761291244
TVSum,video_50,adaptive_strength_0.6,0.5635847761291244
TVSum,video_50,adaptive_strength_0.7,0.5635847761291244
TVSum,video_50,adaptive_strength_0.8,0.5635847761291244
TVSum,video_50,adaptive_strength_0.9,0.5635847761291244
TVSum,video_50,adaptive_strength_1.0,0.5635847761291244
SumMe,video_1,fixed_alpha_0.0,0.5996978851963746
SumMe,video_1,fixed_alpha_0.1,0.6495468277945619
SumMe,video_1,fixed_alpha_0.2,0.6495468277945619
SumMe,video_1,fixed_alpha_0.3,0.6495468277945619
SumMe,video_1,fixed_alpha_0.4,0.6495468277945619
SumMe,video_1,fixed_alpha_0.5,0.6495468277945619
SumMe,video_1,fixed_alpha_0.6,0.6495468277945619
SumMe,video_1,fixed_alpha_0.7,0.4963971176941553
SumMe,video_1,fixed_alpha_0.8,0.4963971176941553
SumMe,video_1,fixed_alpha_0.9,0.4963971176941553
SumMe,video_1,fixed_alpha_1.0,0.4963971176941553
SumMe,video_1,adaptive_strength_0.0,0.4963971176941553
SumMe,video_1,adaptive_strength_0.1,0.4963971176941553
SumMe,video_1,adaptive_strength_0.2,0.4963971176941553
SumMe,video_1,adaptive_strength_0.3,0.4963971176941553
SumMe,video_1,adaptive_strength_0.4,0.4963971176941553
SumMe,video_1,adaptive_strength_0.5,0.4963971176941553
SumMe,video_1,adaptive_strength_0.6,0.4963971176941553
SumMe,video_1,adaptive_strength_0.7,0.4963971176941553
SumMe,video_1,adaptive_strength_0.8,0.4963971176941553
SumMe,video_1,adaptive_strength_0.9,0.4963971176941553
SumMe,video_1,adaptive_strength_1.0,0.4963971176941553
SumMe,video_2,fixed_alpha_0.0,0.30051057622173594
SumMe,video_2,fixed_alpha_0.1,0.28611898016997167
SumMe,video_2,fixed_alpha_0.2,0.28611898016997167
SumMe,video_2,fixed_alpha_0.3,0.28611898016997167
SumMe,video_2,fixed_alpha_0.4,0.2658137882018479
SumMe,video_2,fixed_alpha_0.5,0.2658137882018479
SumMe,video_2,fixed_alpha_0.6,0.2658137882018479
SumMe,video_2,fixed_alpha_0.7,0.2658137882018479
SumMe,video_2,fixed_alpha_0.8,0.2658137882018479
SumMe,video_2,fixed_alpha_0.9,0.2658137882018479
SumMe,video_2,fixed_alpha_1.0,0.2658137882018479
SumMe,video_2,adaptive_strength_0.0,0.2658137882018479
SumMe,video_2,adaptive_strength_0.1,0.2658137882018479
SumMe,video_2,adaptive_strength_0.2,0.2658137882018479
SumMe,video_2,adaptive_strength_0.3,0.2658137882018479
SumMe,video_2,adaptive_strength_0.4,0.2658137882018479
SumMe,video_2,adaptive_strength_0.5,0.2658137882018479
SumMe,video_2,adaptive_strength_0.6,0.2658137882018479
SumMe,video_2,adaptive_strength_0.7,0.2658137882018479
SumMe,video_2,adaptive_strength_0.8,0.2658137882018479
SumMe,video_2,adaptive_strength_0.9,0.2658137882018479
SumMe,video_2,adaptive_strength_1.0,0.2658137882018479
SumMe,video_3,fixed_alpha_0.0,0.34171907756813413
SumMe,video_3,fixed_alpha_0.1,0.308316430020284
SumMe,video_3,fixed_alpha_0.2,0.308316430020284
SumMe,video_3,fixed_alpha_0.3,0.308316430020284
SumMe,video_3,fixed_alpha_0.4,0.308316430020284
SumMe,video_3,fixed_alpha_0.5,0.5492957746478873
SumMe,video_3,fixed_alpha_0.6,0.5492957746478873
SumMe,video_3,fixed_alpha_0.7,0.5492957746478873
SumMe,video_3,fixed_alpha_0.8,0.5492957746478873
SumMe,video_3,fixed_alpha_0.9,0.5492957746478873
SumMe,video_3,fixed_alpha_1.0,0.5492957746478873
SumMe,video_3,adaptive_strength_0.0,0.5492957746478873
SumMe,video_3,adaptive_strength_0.1,0.5492957746478873
SumMe,video_3,adaptive_strength_0.2,0.5492957746478873
SumMe,video_3,adaptive_strength_0.3,0.5492957746478873
SumMe,video_3,adaptive_strength_0.4,0.5492957746478873
SumMe,video_3,adaptive_strength_0.5,0.5492957746478873
SumMe,video_3,adaptive_strength_0.6,0.5492957746478873
SumMe,video_3,adaptive_strength_0.7,0.5492957746478873
SumMe,video_3,adaptive_strength_0.8,0.5492957746478873
SumMe,video_3,adaptive_strength_0.9,0.5492957746478873
SumMe,video_3,adaptive_strength_1.0,0.5492957746478873
SumMe,video_4,fixed_alpha_0.0,0.29595375722543354
SumMe,video_4,fixed_alpha_0.1,0.46864686468646866
SumMe,video_4,fixed_alpha_0.2,0.46864686468646866
SumMe,video_4,fixed_alpha_0.3,0.46864686468646866
SumMe,video_4,fixed_alpha_0.4,0.46864686468646866
SumMe,video_4,fixed_alpha_0.5,0.46864686468646866
SumMe,video_4,fixed_alpha_0.6,0.46864686468646866
SumMe,video_4,fixed_alpha_0.7,0.46864686468646866
SumMe,video_4,fixed_alpha_0.8,0.46864686468646866
SumMe,video_4,fixed_alpha_0.9,0.46864686468646866
SumMe,video_4,fixed_alpha_1.0,0.46864686468646866
SumMe,video_4,adaptive_strength_0.0,0.46864686468646866
SumMe,video_4,adaptive_strength_0.1,0.46864686468646866
SumMe,video_4,adaptive_strength_0.2,0.46864686468646866
SumMe,video_4,adaptive_strength_0.3,0.46864686468646866
SumMe,video_4,adaptive_strength_0.4,0.46864686468646866
SumMe,video_4,adaptive_strength_0.5,0.46864686468646866
SumMe,video_4,adaptive_strength_0.6,0.46864686468646866
SumMe,video_4,adaptive_strength_0.7,0.46864686468646866
SumMe,video_4,adaptive_strength_0.8,0.46864686468646866
SumMe,video_4,adaptive_strength_0.9,0.46864686468646866
SumMe,video_4,adaptive_strength_1.0,0.46864686468646866
SumMe,video_5,fixed_alpha_0.0,0.3646982478909798
SumMe,video_5,fixed_alpha_0.1,0.3563968668407311
SumMe,video_5,fixed_alpha_0.2,0.3563968668407311
SumMe,video_5,fixed_alpha_0.3,0.3563968668407311
SumMe,video_5,fixed_alpha_0.4,0.42400521852576645
SumMe,video_5,fixed_alpha_0.5,0.42400521852576645
SumMe,video_5,fixed_alpha_0.6,0.42400521852576645
SumMe,video_5,fixed_alpha_0.7,0.32724902216427637
SumMe,video_5,fixed_alpha_0.8,0.32724902216427637
SumMe,video_5,fixed_alpha_0.9,0.32724902216427637
SumMe,video_5,fixed_alpha_1.0,0.32724902216427637
SumMe,video_5,adaptive_strength_0.0,0.32724902216427637
SumMe,video_5,adaptive_strength_0.1,0.32724902216427637
SumMe,video_5,adaptive_strength_0.2,0.32724902216427637
SumMe,video_5,adaptive_strength_0.3,0.32724902216427637
SumMe,video_5,adaptive_strength_0.4,0.32724902216427637
SumMe,video_5,adaptive_strength_0.5,0.32724902216427637
SumMe,video_5,adaptive_strength_0.6,0.32724902216427637
SumMe,video_5,adaptive_strength_0.7,0.32724902216427637
SumMe,video_5,adaptive_strength_0.8,0.32724902216427637
SumMe,video_5,adaptive_strength_0.9,0.32724902216427637
SumMe,video_5,adaptive_strength_1.0,0.32724902216427637
SumMe,video_6,fixed_alpha_0.0,0.21016949152542375
SumMe,video_6,fixed_alpha_0.1,0.21016949152542375
SumMe,video_6,fixed_alpha_0.2,0.21016949152542375
SumMe,video_6,fixed_alpha_0.3,0.21016949152542375
SumMe,video_6,fixed_alpha_0.4,0.21016949152542375
SumMe,video_6,fixed_alpha_0.5,0.21016949152542375
SumMe,video_6,fixed_alpha_0.6,0.21016949152542375
SumMe,video_6,fixed_alpha_0.7,0.21016949152542375
SumMe,video_6,fixed_alpha_0.8,0.21016949152542375
SumMe,video_6,fixed_alpha_0.9,0.33108108108108114
SumMe,video_6,fixed_alpha_1.0,0.33108108108108114
SumMe,video_6,adaptive_strength_0.0,0.33108108108108114
SumMe,video_6,adaptive_strength_0.1,0.33108108108108114
SumMe,video_6,adaptive_strength_0.2,0.33108108108108114
SumMe,video_6,adaptive_strength_0.3,0.33108108108108114
SumMe,video_6,adaptive_strength_0.4,0.3861788617886179
SumMe,video_6,adaptive_strength_0.5,0.21016949152542375
SumMe,video_6,adaptive_strength_0.6,0.21016949152542375
SumMe,video_6,adaptive_strength_0.7,0.21016949152542375
SumMe,video_6,adaptive_strength_0.8,0.21016949152542375
SumMe,video_6,adaptive_strength_0.9,0.21016949152542375
SumMe,video_6,adaptive_strength_1.0,0.21016949152542375
SumMe,video_7,fixed_alpha_0.0,0.2531740104555638
SumMe,video_7,fixed_alpha_0.1,0.2539325842696629
SumMe,video_7,fixed_alpha_0.2,0.2915681639085894
SumMe,video_7,fixed_alpha_0.3,0.29249011857707513
SumMe,video_7,fixed_alpha_0.4,0.29249011857707513
SumMe,video_7,fixed_alpha_0.5,0.29249011857707513
SumMe,video_7,fixed_alpha_0.6,0.29249011857707513
SumMe,video_7,fixed_alpha_0.7,0.29249011857707513
SumMe,video_7,fixed_alpha_0.8,0.29249011857707513
SumMe,video_7,fixed_alpha_0.9,0.29249011857707513
SumMe,video_7,fixed_alpha_1.0,0.29249011857707513
SumMe,video_7,adaptive_strength_0.0,0.29249011857707513
SumMe,video_7,adaptive_strength_0.1,0.29249011857707513
SumMe,video_7,adaptive_strength_0.2,0.29249011857707513
SumMe,video_7,adaptive_strength_0.3,0.29249011857707513
SumMe,video_7,adaptive_strength_0.4,0.29249011857707513
SumMe,video_7,adaptive_strength_0.5,0.29249011857707513
SumMe,video_7,adaptive_strength_0.6,0.29249011857707513
SumMe,video_7,adaptive_strength_0.7,0.29249011857707513
SumMe,video_7,adaptive_strength_0.8,0.29249011857707513
SumMe,video_7,adaptive_strength_0.9,0.29249011857707513
SumMe,video_7,adaptive_strength_1.0,0.29249011857707513
SumMe,video_8,fixed_alpha_0.0,0.61455525606469
SumMe,video_8,fixed_alpha_0.1,0.61455525606469
SumMe,video_8,fixed_alpha_0.2,0.5013477088948788
SumMe,video_8,fixed_alpha_0.3,0.5013477088948788
SumMe,video_8,fixed_alpha_0.4,0.5013477088948788
SumMe,video_8,fixed_alpha_0.5,0.5013477088948788
SumMe,video_8,fixed_alpha_0.6,0.5013477088948788
SumMe,video_8,fixed_alpha_0.7,0.5013477088948788
SumMe,video_8,fixed_alpha_0.8,0.5013477088948788
SumMe,video_8,fixed_alpha_0.9,0.5013477088948788
SumMe,video_8,fixed_alpha_1.0,0.5013477088948788
SumMe,video_8,adaptive_strength_0.0,0.5013477088948788
SumMe,video_8,adaptive_strength_0.1,0.5013477088948788
SumMe,video_8,adaptive_strength_0.2,0.5013477088948788
SumMe,video_8,adaptive_strength_0.3,0.5013477088948788
SumMe,video_8,adaptive_strength_0.4,0.5013477088948788
SumMe,video_8,adaptive_strength_0.5,0.5013477088948788
SumMe,video_8,adaptive_strength_0.6,0.5013477088948788
SumMe,video_8,adaptive_strength_0.7,0.5013477088948788
SumMe,video_8,adaptive_strength_0.8,0.5013477088948788
SumMe,video_8,adaptive_strength_0.9,0.5013477088948788
SumMe,video_8,adaptive_strength_1.0,0.5013477088948788
SumMe,video_9,fixed_alpha_0.0,0.4203480589022758
SumMe,video_9,fixed_alpha_0.1,0.4203480589022758
SumMe,video_9,fixed_alpha_0.2,0.4203480589022758
SumMe,video_9,fixed_alpha_0.3,0.4203480589022758
SumMe,video_9,fixed_alpha_0.4,0.525764192139738
SumMe,video_9,fixed_alpha_0.5,0.4912985274431057
SumMe,video_9,fixed_alpha_0.6,0.4912985274431057
SumMe,video_9,fixed_alpha_0.7,0.4912985274431057
SumMe,video_9,fixed_alpha_0.8,0.4912985274431057
SumMe,video_9,fixed_alpha_0.9,0.4912985274431057
SumMe,video_9,fixed_alpha_1.0,0.4912985274431057
SumMe,video_9,adaptive_strength_0.0,0.4912985274431057
SumMe,video_9,adaptive_strength_0.1,0.4912985274431057
SumMe,video_9,adaptive_strength_0.2,0.4912985274431057
SumMe,video_9,adaptive_strength_0.3,0.4912985274431057
SumMe,video_9,adaptive_strength_0.4,0.4912985274431057
SumMe,video_9,adaptive_strength_0.5,0.4912985274431057
SumMe,video_9,adaptive_strength_0.6,0.4912985274431057
SumMe,video_9,adaptive_strength_0.7,0.4912985274431057
SumMe,video_9,adaptive_strength_0.8,0.4912985274431057
SumMe,video_9,adaptive_strength_0.9,0.4912985274431057
SumMe,video_9,adaptive_strength_1.0,0.4912985274431057
SumMe,video_10,fixed_alpha_0.0,0.2225362062875309
SumMe,video_10,fixed_alpha_0.1,0.3142655367231639
SumMe,video_10,fixed_alpha_0.2,0.3142655367231639
SumMe,video_10,fixed_alpha_0.3,0.3142655367231639
SumMe,video_10,fixed_alpha_0.4,0.3142655367231639
SumMe,video_10,fixed_alpha_0.5,0.3142655367231639
SumMe,video_10,fixed_alpha_0.6,0.3142655367231639
SumMe,video_10,fixed_alpha_0.7,0.3142655367231639
SumMe,video_10,fixed_alpha_0.8,0.3142655367231639
SumMe,video_10,fixed_alpha_0.9,0.3142655367231639
SumMe,video_10,fixed_alpha_1.0,0.3480409459936464
SumMe,video_10,adaptive_strength_0.0,0.3142655367231639
SumMe,video_10,adaptive_strength_0.1,0.3142655367231639
SumMe,video_10,adaptive_strength_0.2,0.3142655367231639
SumMe,video_10,adaptive_strength_0.3,0.3142655367231639
SumMe,video_10,adaptive_strength_0.4,0.3142655367231639
SumMe,video_10,adaptive_strength_0.5,0.3142655367231639
SumMe,video_10,adaptive_strength_0.6,0.3142655367231639
SumMe,video_10,adaptive_strength_0.7,0.3142655367231639
SumMe,video_10,adaptive_strength_0.8,0.3142655367231639
SumMe,video_10,adaptive_strength_0.9,0.3142655367231639
SumMe,video_10,adaptive_strength_1.0,0.3142655367231639
SumMe,video_11,fixed_alpha_0.0,0.6016597510373444
SumMe,video_11,fixed_alpha_0.1,0.6016597510373444
SumMe,video_11,fixed_alpha_0.2,0.6016597510373444
SumMe,video_11,fixed_alpha_0.3,0.6016597510373444
SumMe,video_11,fixed_alpha_0.4,0.6016597510373444
SumMe,video_11,fixed_alpha_0.5,0.6016597510373444
SumMe,video_11,fixed_alpha_0.6,0.6016597510373444
SumMe,video_11,fixed_alpha_0.7,0.6016597510373444
SumMe,video_11,fixed_alpha_0.8,0.6016597510373444
SumMe,video_11,fixed_alpha_0.9,0.6016597510373444
SumMe,video_11,fixed_alpha_1.0,0.6016597510373444
SumMe,video_11,adaptive_strength_0.0,0.6016597510373444
SumMe,video_11,adaptive_strength_0.1,0.6016597510373444
SumMe,video_11,adaptive_strength_0.2,0.6016597510373444
SumMe,video_11,adaptive_strength_0.3,0.6016597510373444
SumMe,video_11,adaptive_strength_0.4,0.6016597510373444
SumMe,video_11,adaptive_strength_0.5,0.6016597510373444
SumMe,video_11,adaptive_strength_0.6,0.6016597510373444
SumMe,video_11,adaptive_strength_0.7,0.6016597510373444
SumMe,video_11,adaptive_strength_0.8,0.6016597510373444
SumMe,video_11,adaptive_strength_0.9,0.6016597510373444
SumMe,video_11,adaptive_strength_1.0,0.6016597510373444
SumMe,video_12,fixed_alpha_0.0,0.0
SumMe,video_12,fixed_alpha_0.1,0.0
SumMe,video_12,fixed_alpha_0.2,0.0
SumMe,video_12,fixed_alpha_0.3,0.4044943820224719
SumMe,video_12,fixed_alpha_0.4,0.4044943820224719
SumMe,video_12,fixed_alpha_0.5,0.4044943820224719
SumMe,video_12,fixed_alpha_0.6,0.4044943820224719
SumMe,video_12,fixed_alpha_0.7,0.4044943820224719
SumMe,video_12,fixed_alpha_0.8,0.4044943820224719
SumMe,video_12,fixed_alpha_0.9,0.4044943820224719
SumMe,video_12,fixed_alpha_1.0,0.4044943820224719
SumMe,video_12,adaptive_strength_0.0,0.4044943820224719
SumMe,video_12,adaptive_strength_0.1,0.4044943820224719
SumMe,video_12,adaptive_strength_0.2,0.4044943820224719
SumMe,video_12,adaptive_strength_0.3,0.4044943820224719
SumMe,video_12,adaptive_strength_0.4,0.4044943820224719
SumMe,video_12,adaptive_strength_0.5,0.4044943820224719
SumMe,video_12,adaptive_strength_0.6,0.4044943820224719
SumMe,video_12,adaptive_strength_0.7,0.4044943820224719
SumMe,video_12,adaptive_strength_0.8,0.4044943820224719
SumMe,video_12,adaptive_strength_0.9,0.4044943820224719
SumMe,video_12,adaptive_strength_1.0,0.4044943820224719
SumMe,video_13,fixed_alpha_0.0,0.21959095801937567
SumMe,video_13,fixed_alpha_0.1,0.22943722943722944
SumMe,video_13,fixed_alpha_0.2,0.22943722943722944
SumMe,video_13,fixed_alpha_0.3,0.22943722943722944
SumMe,video_13,fixed_alpha_0.4,0.22943722943722944
SumMe,video_13,fixed_alpha_0.5,0.22943722943722944
SumMe,video_13,fixed_alpha_0.6,0.22943722943722944
SumMe,video_13,fixed_alpha_0.7,0.3048065650644783
SumMe,video_13,fixed_alpha_0.8,0.3048065650644783
SumMe,video_13,fixed_alpha_0.9,0.3048065650644783
SumMe,video_13,fixed_alpha_1.0,0.31335149863760225
SumMe,video_13,adaptive_strength_0.0,0.3048065650644783
SumMe,video_13,adaptive_strength_0.1,0.3048065650644783
SumMe,video_13,adaptive_strength_0.2,0.3048065650644783
SumMe,video_13,adaptive_strength_0.3,0.3048065650644783
SumMe,video_13,adaptive_strength_0.4,0.3048065650644783
SumMe,video_13,adaptive_strength_0.5,0.3048065650644783
SumMe,video_13,adaptive_strength_0.6,0.3048065650644783
SumMe,video_13,adaptive_strength_0.7,0.3048065650644783
SumMe,video_13,adaptive_strength_0.8,0.3048065650644783
SumMe,video_13,adaptive_strength_0.9,0.3048065650644783
SumMe,video_13,adaptive_strength_1.0,0.3048065650644783
SumMe,video_14,fixed_alpha_0.0,0.34820775420629113
SumMe,video_14,fixed_alpha_0.1,0.3429068755439512
SumMe,video_14,fixed_alpha_0.2,0.3429068755439512
SumMe,video_14,fixed_alpha_0.3,0.45839416058394156
SumMe,video_14,fixed_alpha_0.4,0.45839416058394156
SumMe,video_14,fixed_alpha_0.5,0.45839416058394156
SumMe,video_14,fixed_alpha_0.6,0.45839416058394156
SumMe,video_14,fixed_alpha_0.7,0.45839416058394156
SumMe,video_14,fixed_alpha_0.8,0.45839416058394156
SumMe,video_14,fixed_alpha_0.9,0.45839416058394156
SumMe,video_14,fixed_alpha_1.0,0.45839416058394156
SumMe,video_14,adaptive_strength_0.0,0.45839416058394156
SumMe,video_14,adaptive_strength_0.1,0.45839416058394156
SumMe,video_14,adaptive_strength_0.2,0.45839416058394156
SumMe,video_14,adaptive_strength_0.3,0.45839416058394156
SumMe,video_14,adaptive_strength_0.4,0.45839416058394156
SumMe,video_14,adaptive_strength_0.5,0.45839416058394156
SumMe,video_14,adaptive_strength_0.6,0.45839416058394156
SumMe,video_14,adaptive_strength_0.7,0.45839416058394156
SumMe,video_14,adaptive_strength_0.8,0.45839416058394156
SumMe,video_14,adaptive_strength_0.9,0.45839416058394156
SumMe,video_14,adaptive_strength_1.0,0.45839416058394156
SumMe,video_15,fixed_alpha_0.0,0.5524926686217009
SumMe,video_15,fixed_alpha_0.1,0.5524926686217009
SumMe,video_15,fixed_alpha_0.2,0.5524926686217009
SumMe,video_15,fixed_alpha_0.3,0.5524926686217009
SumMe,video_15,fixed_alpha_0.4,0.5524926686217009
SumMe,video_15,fixed_alpha_0.5,0.5524926686217009
SumMe,video_15,fixed_alpha_0.6,0.5524926686217009
SumMe,video_15,fixed_alpha_0.7,0.5524926686217009
SumMe,video_15,fixed_alpha_0.8,0.5524926686217009
SumMe,video_15,fixed_alpha_0.9,0.5524926686217009
SumMe,video_15,fixed_alpha_1.0,0.6497041420118344
SumMe,video_15,adaptive_strength_0.0,0.6497041420118344
SumMe,video_15,adaptive_strength_0.1,0.5524926686217009
SumMe,video_15,adaptive_strength_0.2,0.5524926686217009
SumMe,video_15,adaptive_strength_0.3,0.5524926686217009
SumMe,video_15,adaptive_strength_0.4,0.5524926686217009
SumMe,video_15,adaptive_strength_0.5,0.5524926686217009
SumMe,video_15,adaptive_strength_0.6,0.5524926686217009
SumMe,video_15,adaptive_strength_0.7,0.5524926686217009
SumMe,video_15,adaptive_strength_0.8,0.5524926686217009
SumMe,video_15,adaptive_strength_0.9,0.5524926686217009
SumMe,video_15,adaptive_strength_1.0,0.5524926686217009
SumMe,video_16,fixed_alpha_0.0,0.3490669593852909
SumMe,video_16,fixed_alpha_0.1,0.2860335195530726
SumMe,video_16,fixed_alpha_0.2,0.2860335195530726
SumMe,video_16,fixed_alpha_0.3,0.2860335195530726
SumMe,video_16,fixed_alpha_0.4,0.2860335195530726
SumMe,video_16,fixed_alpha_0.5,0.2860335195530726
SumMe,video_16,fixed_alpha_0.6,0.2860335195530726
SumMe,video_16,fixed_alpha_0.7,0.2860335195530726
SumMe,video_16,fixed_alpha_0.8,0.2860335195530726
SumMe,video_16,fixed_alpha_0.9,0.2860335195530726
SumMe,video_16,fixed_alpha_1.0,0.2860335195530726
SumMe,video_16,adaptive_strength_0.0,0.2860335195530726
SumMe,video_16,adaptive_strength_0.1,0.2860335195530726
SumMe,video_16,adaptive_strength_0.2,0.2860335195530726
SumMe,video_16,adaptive_strength_0.3,0.2860335195530726
SumMe,video_16,adaptive_strength_0.4,0.2860335195530726
SumMe,video_16,adaptive_strength_0.5,0.2860335195530726
SumMe,video_16,adaptive_strength_0.6,0.2860335195530726
SumMe,video_16,adaptive_strength_0.7,0.2860335195530726
SumMe,video_16,adaptive_strength_0.8,0.2860335195530726
SumMe,video_16,adaptive_strength_0.9,0.2860335195530726
SumMe,video_16,adaptive_strength_1.0,0.2860335195530726
SumMe,video_17,fixed_alpha_0.0,0.32686414708886624
SumMe,video_17,fixed_alpha_0.1,0.3416624171341153
SumMe,video_17,fixed_alpha_0.2,0.3416624171341153
SumMe,video_17,fixed_alpha_0.3,0.3416624171341153
SumMe,video_17,fixed_alpha_0.4,0.3416624171341153
SumMe,video_17,fixed_alpha_0.5,0.3416624171341153
SumMe,video_17,fixed_alpha_0.6,0.34253578732106343
SumMe,video_17,fixed_alpha_0.7,0.34253578732106343
SumMe,video_17,fixed_alpha_0.8,0.34253578732106343
SumMe,video_17,fixed_alpha_0.9,0.34253578732106343
SumMe,video_17,fixed_alpha_1.0,0.34253578732106343
SumMe,video_17,adaptive_strength_0.0,0.34253578732106343
SumMe,video_17,adaptive_strength_0.1,0.34253578732106343
SumMe,video_17,adaptive_strength_0.2,0.34253578732106343
SumMe,video_17,adaptive_strength_0.3,0.34253578732106343
SumMe,video_17,adaptive_strength_0.4,0.34253578732106343
SumMe,video_17,adaptive_strength_0.5,0.34253578732106343
SumMe,video_17,adaptive_strength_0.6,0.34253578732106343
SumMe,video_17,adaptive_strength_0.7,0.34253578732106343
SumMe,video_17,adaptive_strength_0.8,0.34253578732106343
SumMe,video_17,adaptive_strength_0.9,0.34253578732106343
SumMe,video_17,adaptive_strength_1.0,0.34253578732106343
SumMe,video_18,fixed_alpha_0.0,0.6746031746031745
SumMe,video_18,fixed_alpha_0.1,0.44955752212389377
SumMe,video_18,fixed_alpha_0.2,0.44955752212389377
SumMe,video_18,fixed_alpha_0.3,0.44955752212389377
SumMe,video_18,fixed_alpha_0.4,0.44955752212389377
SumMe,video_18,fixed_alpha_0.5,0.44955752212389377
SumMe,video_18,fixed_alpha_0.6,0.44955752212389377
SumMe,video_18,fixed_alpha_0.7,0.44955752212389377
SumMe,video_18,fixed_alpha_0.8,0.44955752212389377
SumMe,video_18,fixed_alpha_0.9,0.44955752212389377
SumMe,video_18,fixed_alpha_1.0,0.44955752212389377
SumMe,video_18,adaptive_strength_0.0,0.44955752212389377
SumMe,video_18,adaptive_strength_0.1,0.44955752212389377
SumMe,video_18,adaptive_strength_0.2,0.44955752212389377
SumMe,video_18,adaptive_strength_0.3,0.44955752212389377
SumMe,video_18,adaptive_strength_0.4,0.44955752212389377
SumMe,video_18,adaptive_strength_0.5,0.44955752212389377
SumMe,video_18,adaptive_strength_0.6,0.44955752212389377
SumMe,video_18,adaptive_strength_0.7,0.44955752212389377
SumMe,video_18,adaptive_strength_0.8,0.44955752212389377
SumMe,video_18,adaptive_strength_0.9,0.44955752212389377
SumMe,video_18,adaptive_strength_1.0,0.44955752212389377
SumMe,video_19,fixed_alpha_0.0,0.29203539823008856
SumMe,video_19,fixed_alpha_0.1,0.607758620689655
SumMe,video_19,fixed_alpha_0.2,0.607758620689655
SumMe,video_19,fixed_alpha_0.3,0.28633405639913234
SumMe,video_19,fixed_alpha_0.4,0.28633405639913234
SumMe,video_19,fixed_alpha_0.5,0.28633405639913234
SumMe,video_19,fixed_alpha_0.6,0.28633405639913234
SumMe,video_19,fixed_alpha_0.7,0.28633405639913234
SumMe,video_19,fixed_alpha_0.8,0.28633405639913234
SumMe,video_19,fixed_alpha_0.9,0.28633405639913234
SumMe,video_19,fixed_alpha_1.0,0.28633405639913234
SumMe,video_19,adaptive_strength_0.0,0.28633405639913234
SumMe,video_19,adaptive_strength_0.1,0.28633405639913234
SumMe,video_19,adaptive_strength_0.2,0.28633405639913234
SumMe,video_19,adaptive_strength_0.3,0.28633405639913234
SumMe,video_19,adaptive_strength_0.4,0.28633405639913234
SumMe,video_19,adaptive_strength_0.5,0.28633405639913234
SumMe,video_19,adaptive_strength_0.6,0.28633405639913234
SumMe,video_19,adaptive_strength_0.7,0.28633405639913234
SumMe,video_19,adaptive_strength_0.8,0.28633405639913234
SumMe,video_19,adaptive_strength_0.9,0.28633405639913234
SumMe,video_19,adaptive_strength_1.0,0.28633405639913234
SumMe,video_20,fixed_alpha_0.0,0.5736704446381867
SumMe,video_20,fixed_alpha_0.1,0.5736704446381867
SumMe,video_20,fixed_alpha_0.2,0.5736704446381867
SumMe,video_20,fixed_alpha_0.3,0.5736704446381867
SumMe,video_20,fixed_alpha_0.4,0.5736704446381867
SumMe,video_20,fixed_alpha_0.5,0.5736704446381867
SumMe,video_20,fixed_alpha_0.6,0.3443478260869565
SumMe,video_20,fixed_alpha_0.7,0.3443478260869565
SumMe,video_20,fixed_alpha_0.8,0.3443478260869565
SumMe,video_20,fixed_alpha_0.9,0.3443478260869565
SumMe,video_20,fixed_alpha_1.0,0.3443478260869565
SumMe,video_20,adaptive_strength_0.0,0.3443478260869565
SumMe,video_20,adaptive_strength_0.1,0.3443478260869565
SumMe,video_20,adaptive_strength_0.2,0.3443478260869565
SumMe,video_20,adaptive_strength_0.3,0.3443478260869565
SumMe,video_20,adaptive_strength_0.4,0.3443478260869565
SumMe,video_20,adaptive_strength_0.5,0.3443478260869565
SumMe,video_20,adaptive_strength_0.6,0.3443478260869565
SumMe,video_20,adaptive_strength_0.7,0.3443478260869565
SumMe,video_20,adaptive_strength_0.8,0.3443478260869565
SumMe,video_20,adaptive_strength_0.9,0.3443478260869565
SumMe,video_20,adaptive_strength_1.0,0.3443478260869565
SumMe,video_21,fixed_alpha_0.0,0.1736239379386775
SumMe,video_21,fixed_alpha_0.1,0.21449704142011836
SumMe,video_21,fixed_alpha_0.2,0.21449704142011836
SumMe,video_21,fixed_alpha_0.3,0.29078801331853493
SumMe,video_21,fixed_alpha_0.4,0.29078801331853493
SumMe,video_21,fixed_alpha_0.5,0.29078801331853493
SumMe,video_21,fixed_alpha_0.6,0.29078801331853493
SumMe,video_21,fixed_alpha_0.7,0.39228772710418985
SumMe,video_21,fixed_alpha_0.8,0.39228772710418985
SumMe,video_21,fixed_alpha_0.9,0.39228772710418985
SumMe,video_21,fixed_alpha_1.0,0.38227938549481955
SumMe,video_21,adaptive_strength_0.0,0.38227938549481955
SumMe,video_21,adaptive_strength_0.1,0.39228772710418985
SumMe,video_21,adaptive_strength_0.2,0.39228772710418985
SumMe,video_21,adaptive_strength_0.3,0.39228772710418985
SumMe,video_21,adaptive_strength_0.4,0.39228772710418985
SumMe,video_21,adaptive_strength_0.5,0.39228772710418985
SumMe,video_21,adaptive_strength_0.6,0.39228772710418985
SumMe,video_21,adaptive_strength_0.7,0.39228772710418985
SumMe,video_21,adaptive_strength_0.8,0.39228772710418985
SumMe,video_21,adaptive_strength_0.9,0.39228772710418985
SumMe,video_21,adaptive_strength_1.0,0.39228772710418985
SumMe,video_22,fixed_alpha_0.0,0.40411840411840416
SumMe,video_22,fixed_alpha_0.1,0.284789644012945
SumMe,video_22,fixed_alpha_0.2,0.31414356787491116
SumMe,video_22,fixed_alpha_0.3,0.31414356787491116
SumMe,video_22,fixed_alpha_0.4,0.31414356787491116
SumMe,video_22,fixed_alpha_0.5,0.31414356787491116
SumMe,video_22,fixed_alpha_0.6,0.31414356787491116
SumMe,video_22,fixed_alpha_0.7,0.31414356787491116
SumMe,video_22,fixed_alpha_0.8,0.37152103559870553
SumMe,video_22,fixed_alpha_0.9,0.37152103559870553
SumMe,video_22,fixed_alpha_1.0,0.37152103559870553
SumMe,video_22,adaptive_strength_0.0,0.37152103559870553
SumMe,video_22,adaptive_strength_0.1,0.37152103559870553
SumMe,video_22,adaptive_strength_0.2,0.37152103559870553
SumMe,video_22,adaptive_strength_0.3,0.37152103559870553
SumMe,video_22,adaptive_strength_0.4,0.37152103559870553
SumMe,video_22,adaptive_strength_0.5,0.37152103559870553
SumMe,video_22,adaptive_strength_0.6,0.37152103559870553
SumMe,video_22,adaptive_strength_0.7,0.37152103559870553
SumMe,video_22,adaptive_strength_0.8,0.31414356787491116
SumMe,video_22,adaptive_strength_0.9,0.31414356787491116
SumMe,video_22,adaptive_strength_1.0,0.31414356787491116
SumMe,video_23,fixed_alpha_0.0,0.7320954907161804
SumMe,video_23,fixed_alpha_0.1,0.7320954907161804
SumMe,video_23,fixed_alpha_0.2,0.7320954907161804
SumMe,video_23,fixed_alpha_0.3,0.6672443674176777
SumMe,video_23,fixed_alpha_0.4,0.6672443674176777
SumMe,video_23,fixed_alpha_0.5,0.6672443674176777
SumMe,video_23,fixed_alpha_0.6,0.6672443674176777
SumMe,video_23,fixed_alpha_0.7,0.6672443674176777
SumMe,video_23,fixed_alpha_0.8,0.6672443674176777
SumMe,video_23,fixed_alpha_0.9,0.6672443674176777
SumMe,video_23,fixed_alpha_1.0,0.6672443674176777
SumMe,video_23,adaptive_strength_0.0,0.6672443674176777
SumMe,video_23,adaptive_strength_0.1,0.6672443674176777
SumMe,video_23,adaptive_strength_0.2,0.6672443674176777
SumMe,video_23,adaptive_strength_0.3,0.6672443674176777
SumMe,video_23,adaptive_strength_0.4,0.6672443674176777
SumMe,video_23,adaptive_strength_0.5,0.6672443674176777
SumMe,video_23,adaptive_strength_0.6,0.6672443674176777
SumMe,video_23,adaptive_strength_0.7,0.6672443674176777
SumMe,video_23,adaptive_strength_0.8,0.6672443674176777
SumMe,video_23,adaptive_strength_0.9,0.6672443674176777
SumMe,video_23,adaptive_strength_1.0,0.6672443674176777
SumMe,video_24,fixed_alpha_0.0,0.26702269692923897
SumMe,video_24,fixed_alpha_0.1,0.21329639889196678
SumMe,video_24,fixed_alpha_0.2,0.2521489971346705
SumMe,video_24,fixed_alpha_0.3,0.2521489971346705
SumMe,video_24,fixed_alpha_0.4,0.31413612565445026
SumMe,video_24,fixed_alpha_0.5,0.31413612565445026
SumMe,video_24,fixed_alpha_0.6,0.31413612565445026
SumMe,video_24,fixed_alpha_0.7,0.31413612565445026
SumMe,video_24,fixed_alpha_0.8,0.31413612565445026
SumMe,video_24,fixed_alpha_0.9,0.31413612565445026
SumMe,video_24,fixed_alpha_1.0,0.20145985401459857
SumMe,video_24,adaptive_strength_0.0,0.31413612565445026
SumMe,video_24,adaptive_strength_0.1,0.31413612565445026
SumMe,video_24,adaptive_strength_0.2,0.31413612565445026
SumMe,video_24,adaptive_strength_0.3,0.31413612565445026
SumMe,video_24,adaptive_strength_0.4,0.31413612565445026
SumMe,video_24,adaptive_strength_0.5,0.31413612565445026
SumMe,video_24,adaptive_strength_0.6,0.31413612565445026
SumMe,video_24,adaptive_strength_0.7,0.31413612565445026
SumMe,video_24,adaptive_strength_0.8,0.31413612565445026
SumMe,video_24,adaptive_strength_0.9,0.31413612565445026
SumMe,video_24,adaptive_strength_1.0,0.31413612565445026
SumMe,video_25,fixed_alpha_0.0,0.6887417218543046
SumMe,video_25,fixed_alpha_0.1,0.5763440860215053
SumMe,video_25,fixed_alpha_0.2,0.5763440860215053
SumMe,video_25,fixed_alpha_0.3,0.5763440860215053
SumMe,video_25,fixed_alpha_0.4,0.5763440860215053
SumMe,video_25,fixed_alpha_0.5,0.5763440860215053
SumMe,video_25,fixed_alpha_0.6,0.5763440860215053
SumMe,video_25,fixed_alpha_0.7,0.5763440860215053
SumMe,video_25,fixed_alpha_0.8,0.5763440860215053
SumMe,video_25,fixed_alpha_0.9,0.5763440860215053
SumMe,video_25,fixed_alpha_1.0,0.5763440860215053
SumMe,video_25,adaptive_strength_0.0,0.5763440860215053
SumMe,video_25,adaptive_strength_0.1,0.5763440860215053
SumMe,video_25,adaptive_strength_0.2,0.5763440860215053
SumMe,video_25,adaptive_strength_0.3,0.5763440860215053
SumMe,video_25,adaptive_strength_0.4,0.5763440860215053
SumMe,video_25,adaptive_strength_0.5,0.5763440860215053
SumMe,video_25,adaptive_strength_0.6,0.5763440860215053
SumMe,video_25,adaptive_strength_0.7,0.5763440860215053
SumMe,video_25,adaptive_strength_0.8,0.5763440860215053
SumMe,video_25,adaptive_strength_0.9,0.5763440860215053
SumMe,video_25,adaptive_strength_1.0,0.5763440860215053
